id,created_at,name
DDInter1,2026-04-17 13:45:05.837838+00,Abacavir
DDInter100,2026-04-17 13:45:05.837838+00,Anthrax vaccine
DDInter1000,2026-04-17 13:45:05.837838+00,Ivosidenib
DDInter1001,2026-04-17 13:45:05.837838+00,Ixabepilone
DDInter1002,2026-04-17 13:45:05.837838+00,Ixazomib
DDInter1004,2026-04-17 13:45:05.837838+00,Kanamycin
DDInter1005,2026-04-17 13:45:05.837838+00,Kaolin
DDInter1006,2026-04-17 13:45:05.837838+00,Kava
DDInter1007,2026-04-17 13:45:05.837838+00,Ketamine
DDInter1008,2026-04-17 13:45:05.837838+00,Ketoconazole
DDInter1009,2026-04-17 13:45:05.837838+00,Ketoprofen
DDInter1010,2026-04-17 13:45:05.837838+00,Ketorolac
DDInter1011,2026-04-17 13:45:05.837838+00,Ketorolac (ophthalmic)
DDInter1012,2026-04-17 13:45:05.837838+00,Ketotifen
DDInter1013,2026-04-17 13:45:05.837838+00,Labetalol
DDInter1014,2026-04-17 13:45:05.837838+00,Lacosamide
DDInter1015,2026-04-17 13:45:05.837838+00,Lactic acid
DDInter1016,2026-04-17 13:45:05.837838+00,Lactitol
DDInter1017,2026-04-17 13:45:05.837838+00,Lactobacillus acidophilus
DDInter1018,2026-04-17 13:45:05.837838+00,Lactulose
DDInter1019,2026-04-17 13:45:05.837838+00,Lamivudine
DDInter1020,2026-04-17 13:45:05.837838+00,Lamotrigine
DDInter1021,2026-04-17 13:45:05.837838+00,Lanreotide
DDInter1022,2026-04-17 13:45:05.837838+00,Lansoprazole
DDInter1023,2026-04-17 13:45:05.837838+00,Lanthanum carbonate
DDInter1024,2026-04-17 13:45:05.837838+00,Lapatinib
DDInter1026,2026-04-17 13:45:05.837838+00,Larotrectinib
DDInter1027,2026-04-17 13:45:05.837838+00,Lasmiditan
DDInter1028,2026-04-17 13:45:05.837838+00,Latanoprost
DDInter103,2026-04-17 13:45:05.837838+00,Antilymphocyte immunoglobulin (horse)
DDInter1031,2026-04-17 13:45:05.837838+00,Ledipasvir
DDInter1032,2026-04-17 13:45:05.837838+00,Lefamulin
DDInter1033,2026-04-17 13:45:05.837838+00,Leflunomide
DDInter1034,2026-04-17 13:45:05.837838+00,Lemborexant
DDInter1035,2026-04-17 13:45:05.837838+00,Lenalidomide
DDInter1036,2026-04-17 13:45:05.837838+00,Lenvatinib
DDInter1037,2026-04-17 13:45:05.837838+00,Lepirudin
DDInter1038,2026-04-17 13:45:05.837838+00,Lesinurad
DDInter1039,2026-04-17 13:45:05.837838+00,Letermovir
DDInter104,2026-04-17 13:45:05.837838+00,Antithrombin Alfa
DDInter1040,2026-04-17 13:45:05.837838+00,Letrozole
DDInter1041,2026-04-17 13:45:05.837838+00,Leucovorin
DDInter1042,2026-04-17 13:45:05.837838+00,Leuprolide
DDInter1043,2026-04-17 13:45:05.837838+00,Levacetylmethadol
DDInter1044,2026-04-17 13:45:05.837838+00,Levamisole
DDInter1045,2026-04-17 13:45:05.837838+00,Levamlodipine
DDInter1046,2026-04-17 13:45:05.837838+00,Levetiracetam
DDInter1047,2026-04-17 13:45:05.837838+00,Levmetamfetamine (nasal)
DDInter1048,2026-04-17 13:45:05.837838+00,Levobetaxolol (ophthalmic)
DDInter105,2026-04-17 13:45:05.837838+00,Antithrombin III human
DDInter1050,2026-04-17 13:45:05.837838+00,Levobunolol (ophthalmic)
DDInter1051,2026-04-17 13:45:05.837838+00,Levobupivacaine
DDInter1052,2026-04-17 13:45:05.837838+00,Levocarnitine
DDInter1053,2026-04-17 13:45:05.837838+00,Levocetirizine
DDInter1054,2026-04-17 13:45:05.837838+00,Levodopa
DDInter1055,2026-04-17 13:45:05.837838+00,Levofloxacin
DDInter1056,2026-04-17 13:45:05.837838+00,Levoleucovorin
DDInter1059,2026-04-17 13:45:05.837838+00,Levomilnacipran
DDInter106,2026-04-17 13:45:05.837838+00,Antithymocyte immunoglobulin (rabbit)
DDInter1060,2026-04-17 13:45:05.837838+00,Levonordefrin
DDInter1061,2026-04-17 13:45:05.837838+00,Levonorgestrel
DDInter1062,2026-04-17 13:45:05.837838+00,Levorphanol
DDInter1063,2026-04-17 13:45:05.837838+00,Levosalbutamol
DDInter1064,2026-04-17 13:45:05.837838+00,Levothyroxine
DDInter1065,2026-04-17 13:45:05.837838+00,Licorice
DDInter1066,2026-04-17 13:45:05.837838+00,Lidocaine
DDInter1067,2026-04-17 13:45:05.837838+00,Lidocaine (ophthalmic)
DDInter1068,2026-04-17 13:45:05.837838+00,Lidocaine (topical)
DDInter1069,2026-04-17 13:45:05.837838+00,Linaclotide
DDInter107,2026-04-17 13:45:05.837838+00,Apalutamide
DDInter1070,2026-04-17 13:45:05.837838+00,Linagliptin
DDInter1072,2026-04-17 13:45:05.837838+00,Lindane
DDInter1073,2026-04-17 13:45:05.837838+00,Linezolid
DDInter1074,2026-04-17 13:45:05.837838+00,Liothyronine
DDInter1075,2026-04-17 13:45:05.837838+00,Liotrix
DDInter1076,2026-04-17 13:45:05.837838+00,Lipoic acid
DDInter1077,2026-04-17 13:45:05.837838+00,Liraglutide
DDInter1078,2026-04-17 13:45:05.837838+00,Lisdexamfetamine
DDInter1079,2026-04-17 13:45:05.837838+00,Lisinopril
DDInter108,2026-04-17 13:45:05.837838+00,Apixaban
DDInter1080,2026-04-17 13:45:05.837838+00,Lisocabtagene maraleucel
DDInter1081,2026-04-17 13:45:05.837838+00,Lithium carbonate
DDInter1082,2026-04-17 13:45:05.837838+00,Lixisenatide
DDInter1083,2026-04-17 13:45:05.837838+00,Lofexidine
DDInter1084,2026-04-17 13:45:05.837838+00,Lomefloxacin
DDInter1085,2026-04-17 13:45:05.837838+00,Lomitapide
DDInter1086,2026-04-17 13:45:05.837838+00,Lomustine
DDInter1087,2026-04-17 13:45:05.837838+00,Lonafarnib
DDInter1088,2026-04-17 13:45:05.837838+00,Loperamide
DDInter1089,2026-04-17 13:45:05.837838+00,Lopinavir
DDInter109,2026-04-17 13:45:05.837838+00,Apomorphine
DDInter1091,2026-04-17 13:45:05.837838+00,Loratadine
DDInter1092,2026-04-17 13:45:05.837838+00,Lorazepam
DDInter1093,2026-04-17 13:45:05.837838+00,Lorcaserin
DDInter1094,2026-04-17 13:45:05.837838+00,Lorlatinib
DDInter1095,2026-04-17 13:45:05.837838+00,Losartan
DDInter1096,2026-04-17 13:45:05.837838+00,Loteprednol (ophthalmic)
DDInter1098,2026-04-17 13:45:05.837838+00,Lovastatin
DDInter1099,2026-04-17 13:45:05.837838+00,Loxapine
DDInter11,2026-04-17 13:45:05.837838+00,Acarbose
DDInter110,2026-04-17 13:45:05.837838+00,Apraclonidine
DDInter1101,2026-04-17 13:45:05.837838+00,Lumacaftor
DDInter1102,2026-04-17 13:45:05.837838+00,Lumateperone
DDInter1103,2026-04-17 13:45:05.837838+00,Lumefantrine
DDInter1104,2026-04-17 13:45:05.837838+00,Lurasidone
DDInter1105,2026-04-17 13:45:05.837838+00,Lurbinectedin
DDInter1106,2026-04-17 13:45:05.837838+00,Lusutrombopag
DDInter1108,2026-04-17 13:45:05.837838+00,Lutetium Lu 177 dotatate
DDInter1109,2026-04-17 13:45:05.837838+00,Lyme disease vaccine (recombinant OspA)
DDInter111,2026-04-17 13:45:05.837838+00,Apremilast
DDInter1110,2026-04-17 13:45:05.837838+00,Macimorelin
DDInter1111,2026-04-17 13:45:05.837838+00,Macitentan
DDInter1112,2026-04-17 13:45:05.837838+00,Magaldrate
DDInter1113,2026-04-17 13:45:05.837838+00,Magnesium carbonate
DDInter1114,2026-04-17 13:45:05.837838+00,Magnesium chloride
DDInter1115,2026-04-17 13:45:05.837838+00,Magnesium citrate
DDInter1116,2026-04-17 13:45:05.837838+00,Magnesium gluconate
DDInter1117,2026-04-17 13:45:05.837838+00,Magnesium glycinate
DDInter1118,2026-04-17 13:45:05.837838+00,Magnesium hydroxide
DDInter1119,2026-04-17 13:45:05.837838+00,Magnesium oxide
DDInter112,2026-04-17 13:45:05.837838+00,Aprepitant
DDInter1120,2026-04-17 13:45:05.837838+00,Magnesium sulfate
DDInter1123,2026-04-17 13:45:05.837838+00,Mannitol
DDInter1124,2026-04-17 13:45:05.837838+00,Maprotiline
DDInter1125,2026-04-17 13:45:05.837838+00,Maraviroc
DDInter1126,2026-04-17 13:45:05.837838+00,Mazindol
DDInter1127,2026-04-17 13:45:05.837838+00,Measles virus vaccine live attenuated
DDInter1128,2026-04-17 13:45:05.837838+00,Mebendazole
DDInter1130,2026-04-17 13:45:05.837838+00,Mecamylamine
DDInter1131,2026-04-17 13:45:05.837838+00,Mecasermin
DDInter1132,2026-04-17 13:45:05.837838+00,Mecasermin rinfabate
DDInter1133,2026-04-17 13:45:05.837838+00,Mechlorethamine
DDInter1134,2026-04-17 13:45:05.837838+00,Meclizine
DDInter1135,2026-04-17 13:45:05.837838+00,Meclofenamic acid
DDInter1136,2026-04-17 14:16:40.140502+00,Mecobalamin
DDInter1137,2026-04-17 13:45:05.837838+00,Medroxyprogesterone acetate
DDInter1139,2026-04-17 13:45:05.837838+00,Mefenamic acid
DDInter114,2026-04-17 13:45:05.837838+00,Arbutamine
DDInter1140,2026-04-17 13:45:05.837838+00,Mefloquine
DDInter1141,2026-04-17 13:45:05.837838+00,Megestrol acetate
DDInter1142,2026-04-17 13:45:05.837838+00,Melatonin
DDInter1143,2026-04-17 13:45:05.837838+00,Meloxicam
DDInter1144,2026-04-17 13:45:05.837838+00,Melphalan
DDInter1146,2026-04-17 13:45:05.837838+00,Memantine
DDInter1147,2026-04-17 13:45:05.837838+00,Meningococcal polysaccharide vaccine group C
DDInter1149,2026-04-17 13:45:05.837838+00,Mepenzolate
DDInter115,2026-04-17 13:45:05.837838+00,Ardeparin
DDInter1150,2026-04-17 13:45:05.837838+00,Meperidine
DDInter1151,2026-04-17 13:45:05.837838+00,Mephentermine
DDInter1152,2026-04-17 13:45:05.837838+00,Mephenytoin
DDInter1154,2026-04-17 13:45:05.837838+00,Meprobamate
DDInter1155,2026-04-17 13:45:05.837838+00,Mepyramine
DDInter1156,2026-04-17 13:45:05.837838+00,Mercaptopurine
DDInter1157,2026-04-17 13:45:05.837838+00,Meropenem
DDInter1158,2026-04-17 13:45:05.837838+00,Mesalazine
DDInter1159,2026-04-17 13:45:05.837838+00,Mesoridazine
DDInter116,2026-04-17 13:45:05.837838+00,Arformoterol
DDInter1160,2026-04-17 13:45:05.837838+00,Mestranol
DDInter1161,2026-04-17 13:45:05.837838+00,Metamfetamine
DDInter1162,2026-04-17 13:45:05.837838+00,Metaraminol
DDInter1163,2026-04-17 13:45:05.837838+00,Metaxalone
DDInter1164,2026-04-17 13:45:05.837838+00,Metformin
DDInter1165,2026-04-17 13:45:05.837838+00,Methacholine
DDInter1166,2026-04-17 13:45:05.837838+00,Methadone
DDInter1167,2026-04-17 13:45:05.837838+00,Methazolamide
DDInter1168,2026-04-17 13:45:05.837838+00,Methdilazine
DDInter1169,2026-04-17 13:45:05.837838+00,Methenamine
DDInter117,2026-04-17 13:45:05.837838+00,Argatroban
DDInter1170,2026-04-17 13:45:05.837838+00,Methimazole
DDInter1171,2026-04-17 13:45:05.837838+00,Methionine
DDInter1172,2026-04-17 13:45:05.837838+00,Methocarbamol
DDInter1173,2026-04-17 13:45:05.837838+00,Methohexital
DDInter1174,2026-04-17 13:45:05.837838+00,Methotrexate
DDInter1175,2026-04-17 13:45:05.837838+00,Methotrimeprazine
DDInter1176,2026-04-17 13:45:05.837838+00,Methoxamine
DDInter1177,2026-04-17 13:45:05.837838+00,Methoxsalen
DDInter1179,2026-04-17 13:45:05.837838+00,Methoxyflurane
DDInter118,2026-04-17 13:45:05.837838+00,Aripiprazole
DDInter1180,2026-04-17 13:45:05.837838+00,Methscopolamine
DDInter1181,2026-04-17 13:45:05.837838+00,Methsuximide
DDInter1182,2026-04-17 13:45:05.837838+00,Methyl aminolevulinate (topical)
DDInter1184,2026-04-17 13:45:05.837838+00,Methylcellulose
DDInter1185,2026-04-17 13:45:05.837838+00,Methyldopa
DDInter1186,2026-04-17 13:45:05.837838+00,Methylene blue
DDInter1187,2026-04-17 13:45:05.837838+00,Methylergometrine
DDInter1188,2026-04-17 13:45:05.837838+00,Methylnaltrexone
DDInter1189,2026-04-17 13:45:05.837838+00,Methylphenidate
DDInter119,2026-04-17 13:45:05.837838+00,Armodafinil
DDInter1190,2026-04-17 13:45:05.837838+00,Methylphenobarbital
DDInter1191,2026-04-17 13:45:05.837838+00,Methylprednisolone
DDInter1192,2026-04-17 13:45:05.837838+00,Methylprednisolone (topical)
DDInter1193,2026-04-17 13:45:05.837838+00,Methyltestosterone
DDInter1194,2026-04-17 13:45:05.837838+00,Methysergide
DDInter1195,2026-04-17 13:45:05.837838+00,Meticillin
DDInter1196,2026-04-17 13:45:05.837838+00,Metipranolol (ophthalmic)
DDInter1197,2026-04-17 13:45:05.837838+00,Metoclopramide
DDInter1198,2026-04-17 13:45:05.837838+00,Metocurine
DDInter1199,2026-04-17 13:45:05.837838+00,Metolazone
DDInter12,2026-04-17 13:45:05.837838+00,Acebutolol
DDInter120,2026-04-17 13:45:05.837838+00,Arsenic trioxide
DDInter1200,2026-04-17 13:45:05.837838+00,Metoprolol
DDInter1201,2026-04-17 13:45:05.837838+00,Metreleptin
DDInter1202,2026-04-17 13:45:05.837838+00,Metronidazole
DDInter1203,2026-04-17 13:45:05.837838+00,Metronidazole (topical)
DDInter1204,2026-04-17 13:45:05.837838+00,Metyrapone
DDInter1205,2026-04-17 13:45:05.837838+00,Metyrosine
DDInter1206,2026-04-17 13:45:05.837838+00,Mexiletine
DDInter1207,2026-04-17 13:45:05.837838+00,Mezlocillin
DDInter1209,2026-04-17 13:45:05.837838+00,Miconazole
DDInter121,2026-04-17 13:45:05.837838+00,Artemether
DDInter1211,2026-04-17 13:45:05.837838+00,Microcrystalline cellulose
DDInter1212,2026-04-17 13:45:05.837838+00,Midazolam
DDInter1213,2026-04-17 13:45:05.837838+00,Midodrine
DDInter1214,2026-04-17 13:45:05.837838+00,Midostaurin
DDInter1215,2026-04-17 13:45:05.837838+00,Mifepristone
DDInter1217,2026-04-17 13:45:05.837838+00,Miglitol
DDInter1219,2026-04-17 13:45:05.837838+00,Milk thistle
DDInter122,2026-04-17 13:45:05.837838+00,Artesunate
DDInter1220,2026-04-17 13:45:05.837838+00,Milnacipran
DDInter1221,2026-04-17 13:45:05.837838+00,Milrinone
DDInter1223,2026-04-17 13:45:05.837838+00,Mineral oil
DDInter1224,2026-04-17 13:45:05.837838+00,Minocycline
DDInter1226,2026-04-17 13:45:05.837838+00,Minoxidil
DDInter1227,2026-04-17 13:45:05.837838+00,Minoxidil (topical)
DDInter1228,2026-04-17 13:45:05.837838+00,Mipomersen
DDInter1229,2026-04-17 13:45:05.837838+00,Mirabegron
DDInter123,2026-04-17 13:45:05.837838+00,Articaine
DDInter1230,2026-04-17 13:45:05.837838+00,Mirtazapine
DDInter1231,2026-04-17 13:45:05.837838+00,Misoprostol
DDInter1232,2026-04-17 13:45:05.837838+00,Mitomycin
DDInter1233,2026-04-17 13:45:05.837838+00,Mitotane
DDInter1234,2026-04-17 13:45:05.837838+00,Mitoxantrone
DDInter1235,2026-04-17 13:45:05.837838+00,Mivacurium
DDInter1236,2026-04-17 13:45:05.837838+00,Modafinil
DDInter1237,2026-04-17 13:45:05.837838+00,Moexipril
DDInter1238,2026-04-17 13:45:05.837838+00,Mogamulizumab
DDInter1239,2026-04-17 13:45:05.837838+00,Molindone
DDInter124,2026-04-17 13:45:05.837838+00,Ascorbic acid
DDInter1240,2026-04-17 13:45:05.837838+00,Monomethyl fumarate
DDInter1242,2026-04-17 13:45:05.837838+00,Montelukast
DDInter1244,2026-04-17 13:45:05.837838+00,Morphine
DDInter1245,2026-04-17 13:45:05.837838+00,Morphine (liposomal)
DDInter1246,2026-04-17 13:45:05.837838+00,Moxetumomab Pasudotox
DDInter1247,2026-04-17 13:45:05.837838+00,Moxifloxacin
DDInter1248,2026-04-17 13:45:05.837838+00,Mumps virus strain B level jeryl lynn live antigen
DDInter1249,2026-04-17 13:45:05.837838+00,Mupirocin
DDInter125,2026-04-17 13:45:05.837838+00,Asenapine
DDInter1250,2026-04-17 13:45:05.837838+00,Muromonab
DDInter1251,2026-04-17 13:45:05.837838+00,Mycophenolate mofetil
DDInter1252,2026-04-17 13:45:05.837838+00,Mycophenolic acid
DDInter1253,2026-04-17 13:45:05.837838+00,Nabilone
DDInter1254,2026-04-17 13:45:05.837838+00,Nabumetone
DDInter1255,2026-04-17 13:45:05.837838+00,Nadolol
DDInter1256,2026-04-17 13:45:05.837838+00,Nafcillin
DDInter1257,2026-04-17 13:45:05.837838+00,Nalbuphine
DDInter1258,2026-04-17 13:45:05.837838+00,Naldemedine
DDInter1259,2026-04-17 13:45:05.837838+00,Nalidixic acid
DDInter126,2026-04-17 13:45:05.837838+00,Asparaginase Erwinia chrysanthemi
DDInter1260,2026-04-17 13:45:05.837838+00,Nalmefene
DDInter1261,2026-04-17 13:45:05.837838+00,Naloxegol
DDInter1262,2026-04-17 13:45:05.837838+00,Naloxone
DDInter1263,2026-04-17 13:45:05.837838+00,Naltrexone
DDInter1264,2026-04-17 13:45:05.837838+00,Naphazoline (nasal)
DDInter1265,2026-04-17 13:45:05.837838+00,Naphazoline (ophthalmic)
DDInter1266,2026-04-17 13:45:05.837838+00,Naproxen
DDInter1267,2026-04-17 13:45:05.837838+00,Naratriptan
DDInter1268,2026-04-17 13:45:05.837838+00,Natalizumab
DDInter1269,2026-04-17 13:45:05.837838+00,Nateglinide
DDInter127,2026-04-17 13:45:05.837838+00,Asparaginase Escherichia coli
DDInter1270,2026-04-17 13:45:05.837838+00,Naxitamab
DDInter1271,2026-04-17 13:45:05.837838+00,Nebivolol
DDInter1272,2026-04-17 13:45:05.837838+00,Necitumumab
DDInter1274,2026-04-17 13:45:05.837838+00,Nefazodone
DDInter1275,2026-04-17 13:45:05.837838+00,Nelarabine
DDInter1276,2026-04-17 13:45:05.837838+00,Nelfinavir
DDInter1277,2026-04-17 13:45:05.837838+00,Neomycin
DDInter1279,2026-04-17 13:45:05.837838+00,Neostigmine
DDInter128,2026-04-17 13:45:05.837838+00,Astemizole
DDInter1280,2026-04-17 13:45:05.837838+00,Nepafenac (ophthalmic)
DDInter1281,2026-04-17 13:45:05.837838+00,Neratinib
DDInter1282,2026-04-17 13:45:05.837838+00,Nesiritide
DDInter1283,2026-04-17 13:45:05.837838+00,Netilmicin
DDInter1284,2026-04-17 13:45:05.837838+00,Netupitant
DDInter1285,2026-04-17 13:45:05.837838+00,Nevirapine
DDInter1286,2026-04-17 13:45:05.837838+00,Niacin
DDInter1287,2026-04-17 13:45:05.837838+00,Nicardipine
DDInter1289,2026-04-17 13:45:05.837838+00,Nicotinamide
DDInter129,2026-04-17 13:45:05.837838+00,Atazanavir
DDInter1290,2026-04-17 13:45:05.837838+00,Nicotine
DDInter1291,2026-04-17 13:45:05.837838+00,Nifedipine
DDInter1292,2026-04-17 13:45:05.837838+00,Nifurtimox
DDInter1293,2026-04-17 13:45:05.837838+00,Nilotinib
DDInter1294,2026-04-17 13:45:05.837838+00,Nilutamide
DDInter1295,2026-04-17 13:45:05.837838+00,Nimodipine
DDInter1296,2026-04-17 13:45:05.837838+00,Nintedanib
DDInter1297,2026-04-17 13:45:05.837838+00,Niraparib
DDInter1298,2026-04-17 13:45:05.837838+00,Nisoldipine
DDInter1299,2026-04-17 13:45:05.837838+00,Nitazoxanide
DDInter13,2026-04-17 13:45:05.837838+00,Acenocoumarol
DDInter130,2026-04-17 13:45:05.837838+00,Atenolol
DDInter1300,2026-04-17 13:45:05.837838+00,Nitisinone
DDInter1301,2026-04-17 13:45:05.837838+00,Nitrazepam
DDInter1302,2026-04-17 13:45:05.837838+00,Nitric Oxide
DDInter1303,2026-04-17 13:45:05.837838+00,Nitrofurantoin
DDInter1304,2026-04-17 13:45:05.837838+00,Nitroglycerin
DDInter1305,2026-04-17 13:45:05.837838+00,Nitroprusside
DDInter1306,2026-04-17 13:45:05.837838+00,Nitrous acid
DDInter1308,2026-04-17 13:45:05.837838+00,Nivolumab
DDInter1309,2026-04-17 13:45:05.837838+00,Nizatidine
DDInter131,2026-04-17 13:45:05.837838+00,Atezolizumab
DDInter1310,2026-04-17 13:45:05.837838+00,Norelgestromin
DDInter1311,2026-04-17 13:45:05.837838+00,Norepinephrine
DDInter1312,2026-04-17 13:45:05.837838+00,Norethisterone
DDInter1313,2026-04-17 13:45:05.837838+00,Norfloxacin
DDInter1314,2026-04-17 13:45:05.837838+00,Norgestimate
DDInter1315,2026-04-17 13:45:05.837838+00,Norgestrel
DDInter1316,2026-04-17 13:45:05.837838+00,Nortriptyline
DDInter1318,2026-04-17 13:45:05.837838+00,Nystatin
DDInter1319,2026-04-17 13:45:05.837838+00,Obeticholic acid
DDInter132,2026-04-17 13:45:05.837838+00,Atomoxetine
DDInter1320,2026-04-17 13:45:05.837838+00,Obinutuzumab
DDInter1321,2026-04-17 13:45:05.837838+00,Ocrelizumab
DDInter1323,2026-04-17 13:45:05.837838+00,Octreotide
DDInter1324,2026-04-17 13:45:05.837838+00,Ofatumumab
DDInter1325,2026-04-17 13:45:05.837838+00,Ofloxacin
DDInter1326,2026-04-17 13:45:05.837838+00,Olanzapine
DDInter1327,2026-04-17 13:45:05.837838+00,Olaparib
DDInter1328,2026-04-17 13:45:05.837838+00,Olaratumab
DDInter1329,2026-04-17 13:45:05.837838+00,Oliceridine
DDInter133,2026-04-17 13:45:05.837838+00,Atorvastatin
DDInter1330,2026-04-17 13:45:05.837838+00,Olmesartan
DDInter1331,2026-04-17 13:45:05.837838+00,Olodaterol
DDInter1332,2026-04-17 13:45:05.837838+00,Olopatadine
DDInter1333,2026-04-17 13:45:05.837838+00,Olopatadine (nasal)
DDInter1334,2026-04-17 13:45:05.837838+00,Olsalazine
DDInter1335,2026-04-17 13:45:05.837838+00,Omacetaxine mepesuccinate
DDInter1336,2026-04-17 13:45:05.837838+00,Omadacycline
DDInter134,2026-04-17 13:45:05.837838+00,Atovaquone
DDInter1340,2026-04-17 13:45:05.837838+00,Omeprazole
DDInter1342,2026-04-17 13:45:05.837838+00,Ondansetron
DDInter1343,2026-04-17 13:45:05.837838+00,Opicapone
DDInter1344,2026-04-17 13:45:05.837838+00,Opium
DDInter1346,2026-04-17 13:45:05.837838+00,Orciprenaline
DDInter1347,2026-04-17 13:45:05.837838+00,Oritavancin
DDInter1348,2026-04-17 13:45:05.837838+00,Orlistat
DDInter1349,2026-04-17 13:45:05.837838+00,Orphenadrine
DDInter135,2026-04-17 13:45:05.837838+00,Atracurium
DDInter1350,2026-04-17 13:45:05.837838+00,Oseltamivir
DDInter1351,2026-04-17 13:45:05.837838+00,Osilodrostat
DDInter1352,2026-04-17 13:45:05.837838+00,Osimertinib
DDInter1353,2026-04-17 13:45:05.837838+00,Ospemifene
DDInter1354,2026-04-17 13:45:05.837838+00,Oxacillin
DDInter1355,2026-04-17 13:45:05.837838+00,Oxaliplatin
DDInter1356,2026-04-17 13:45:05.837838+00,Oxamniquine
DDInter1357,2026-04-17 13:45:05.837838+00,Oxandrolone
DDInter1358,2026-04-17 13:45:05.837838+00,Oxaprozin
DDInter1359,2026-04-17 13:45:05.837838+00,Oxazepam
DDInter136,2026-04-17 13:45:05.837838+00,Atropine
DDInter1360,2026-04-17 13:45:05.837838+00,Oxcarbazepine
DDInter1362,2026-04-17 13:45:05.837838+00,Oxitriptan
DDInter1363,2026-04-17 13:45:05.837838+00,Oxtriphylline
DDInter1364,2026-04-17 13:45:05.837838+00,Oxybuprocaine (ophthalmic)
DDInter1365,2026-04-17 13:45:05.837838+00,Oxybutynin
DDInter1366,2026-04-17 13:45:05.837838+00,Oxycodone
DDInter1367,2026-04-17 13:45:05.837838+00,Oxygen
DDInter1368,2026-04-17 13:45:05.837838+00,Oxymetazoline (nasal)
DDInter1369,2026-04-17 13:45:05.837838+00,Oxymetazoline (ophthalmic)
DDInter137,2026-04-17 13:45:05.837838+00,Atropine (ophthalmic)
DDInter1370,2026-04-17 13:45:05.837838+00,Oxymetazoline (topical)
DDInter1371,2026-04-17 13:45:05.837838+00,Oxymetholone
DDInter1372,2026-04-17 13:45:05.837838+00,Oxymorphone
DDInter1374,2026-04-17 13:45:05.837838+00,Oxytetracycline
DDInter1375,2026-04-17 13:45:05.837838+00,Oxytocin
DDInter1376,2026-04-17 13:45:05.837838+00,Ozanimod
DDInter1377,2026-04-17 13:45:05.837838+00,Paclitaxel
DDInter1378,2026-04-17 13:45:05.837838+00,Paclitaxel (protein-bound)
DDInter1379,2026-04-17 13:45:05.837838+00,Palbociclib
DDInter138,2026-04-17 13:45:05.837838+00,Attapulgite
DDInter1380,2026-04-17 13:45:05.837838+00,Palifermin
DDInter1381,2026-04-17 13:45:05.837838+00,Paliperidone
DDInter1382,2026-04-17 13:45:05.837838+00,Palonosetron
DDInter1383,2026-04-17 13:45:05.837838+00,Pamidronic acid
DDInter1384,2026-04-17 13:45:05.837838+00,Pancrelipase
DDInter1385,2026-04-17 13:45:05.837838+00,Pancuronium
DDInter1386,2026-04-17 14:21:09.499673+00,Panitumumab
DDInter1387,2026-04-17 13:45:05.837838+00,Panobinostat
DDInter1388,2026-04-17 13:45:05.837838+00,Pantoprazole
DDInter1389,2026-04-17 13:45:05.837838+00,Papaverine
DDInter139,2026-04-17 13:45:05.837838+00,Auranofin
DDInter1391,2026-04-17 13:45:05.837838+00,Paraldehyde
DDInter1392,2026-04-17 13:45:05.837838+00,Paramethadione
DDInter1394,2026-04-17 13:45:05.837838+00,Paricalcitol
DDInter1396,2026-04-17 13:45:05.837838+00,Paromomycin
DDInter1397,2026-04-17 13:45:05.837838+00,Paroxetine
DDInter1398,2026-04-17 13:45:05.837838+00,Pasireotide
DDInter1399,2026-04-17 13:45:05.837838+00,Patiromer
DDInter14,2026-04-17 13:45:05.837838+00,Acetaminophen
DDInter140,2026-04-17 13:45:05.837838+00,Aurothioglucose
DDInter1400,2026-04-17 13:45:05.837838+00,Pazopanib
DDInter1404,2026-04-17 13:45:05.837838+00,Pegaspargase
DDInter1405,2026-04-17 13:45:05.837838+00,Pegfilgrastim
DDInter1407,2026-04-17 13:45:05.837838+00,Peginterferon alfa-2a
DDInter1408,2026-04-17 13:45:05.837838+00,Peginterferon alfa-2b
DDInter1409,2026-04-17 13:45:05.837838+00,Peginterferon beta-1a
DDInter141,2026-04-17 13:45:05.837838+00,Avanafil
DDInter1412,2026-04-17 13:45:05.837838+00,Pegvisomant
DDInter1413,2026-04-17 13:45:05.837838+00,Pembrolizumab
DDInter1414,2026-04-17 13:45:05.837838+00,Pemetrexed
DDInter1415,2026-04-17 13:45:05.837838+00,Pemigatinib
DDInter1416,2026-04-17 13:45:05.837838+00,Pemoline
DDInter1417,2026-04-17 13:45:05.837838+00,Penbutolol
DDInter1419,2026-04-17 13:45:05.837838+00,Penicillamine
DDInter142,2026-04-17 13:45:05.837838+00,Avapritinib
DDInter1420,2026-04-17 13:45:05.837838+00,Pentamidine
DDInter1421,2026-04-17 13:45:05.837838+00,Pentazocine
DDInter1423,2026-04-17 13:45:05.837838+00,Pentobarbital
DDInter1424,2026-04-17 13:45:05.837838+00,Pentosan polysulfate
DDInter1425,2026-04-17 13:45:05.837838+00,Pentostatin
DDInter1426,2026-04-17 13:45:05.837838+00,Pentoxifylline
DDInter1427,2026-04-17 13:45:05.837838+00,Pentoxyverine
DDInter1428,2026-04-17 13:45:05.837838+00,Perampanel
DDInter1429,2026-04-17 13:45:05.837838+00,Perflutren
DDInter143,2026-04-17 13:45:05.837838+00,Avatrombopag
DDInter1430,2026-04-17 13:45:05.837838+00,Pergolide
DDInter1431,2026-04-17 13:45:05.837838+00,Perindopril
DDInter1432,2026-04-17 13:45:05.837838+00,Perphenazine
DDInter1435,2026-04-17 13:45:05.837838+00,Pexidartinib
DDInter1436,2026-04-17 13:45:05.837838+00,Pfizer-BioNTech Covid-19 Vaccine
DDInter1437,2026-04-17 13:45:05.837838+00,Phenacemide
DDInter1438,2026-04-17 13:45:05.837838+00,Phenazopyridine
DDInter1439,2026-04-17 13:45:05.837838+00,Phendimetrazine
DDInter1440,2026-04-17 13:45:05.837838+00,Phenelzine
DDInter1441,2026-04-17 13:45:05.837838+00,Phenindamine
DDInter1442,2026-04-17 13:45:05.837838+00,Phenobarbital
DDInter1443,2026-04-17 13:45:05.837838+00,Phenolphthalein
DDInter1444,2026-04-17 13:45:05.837838+00,Phenoxybenzamine
DDInter1445,2026-04-17 13:45:05.837838+00,Phenoxymethylpenicillin
DDInter1446,2026-04-17 13:45:05.837838+00,Phensuximide
DDInter1447,2026-04-17 13:45:05.837838+00,Phentermine
DDInter1448,2026-04-17 13:45:05.837838+00,Phentolamine
DDInter1449,2026-04-17 13:45:05.837838+00,Phenyl salicylate
DDInter1451,2026-04-17 13:45:05.837838+00,Phenylbutazone
DDInter1452,2026-04-17 13:45:05.837838+00,Phenylbutyric acid
DDInter1453,2026-04-17 13:45:05.837838+00,Phenylephrine
DDInter1454,2026-04-17 13:45:05.837838+00,Phenylephrine (nasal)
DDInter1455,2026-04-17 13:45:05.837838+00,Phenylephrine (ophthalmic)
DDInter1457,2026-04-17 13:45:05.837838+00,Phenylephrine (topical)
DDInter1458,2026-04-17 13:45:05.837838+00,Phenylpropanolamine
DDInter1459,2026-04-17 13:45:05.837838+00,Phenyltoloxamine
DDInter146,2026-04-17 13:45:05.837838+00,Axicabtagene ciloleucel
DDInter1460,2026-04-17 13:45:05.837838+00,Phenytoin
DDInter1461,2026-04-17 13:45:05.837838+00,Phylloquinone
DDInter1462,2026-04-17 13:45:05.837838+00,Physostigmine
DDInter1463,2026-04-17 13:45:05.837838+00,Physostigmine (ophthalmic)
DDInter1464,2026-04-17 13:45:05.837838+00,Picosulfuric acid
DDInter1465,2026-04-17 13:45:05.837838+00,Pilocarpine
DDInter1466,2026-04-17 13:45:05.837838+00,Pilocarpine (ophthalmic)
DDInter1467,2026-04-17 13:45:05.837838+00,Pimavanserin
DDInter1468,2026-04-17 13:45:05.837838+00,Pimecrolimus
DDInter1469,2026-04-17 13:45:05.837838+00,Pimecrolimus (topical)
DDInter147,2026-04-17 13:45:05.837838+00,Axitinib
DDInter1470,2026-04-17 13:45:05.837838+00,Pimozide
DDInter1471,2026-04-17 13:45:05.837838+00,Pindolol
DDInter1472,2026-04-17 13:45:05.837838+00,Pioglitazone
DDInter1473,2026-04-17 13:45:05.837838+00,Pipecuronium
DDInter1474,2026-04-17 13:45:05.837838+00,Piperacillin
DDInter1475,2026-04-17 13:45:05.837838+00,Piperazine
DDInter1476,2026-04-17 13:45:05.837838+00,Pirbuterol
DDInter1477,2026-04-17 13:45:05.837838+00,Pirfenidone
DDInter1478,2026-04-17 13:45:05.837838+00,Piroxicam
DDInter1479,2026-04-17 13:45:05.837838+00,Pitavastatin
DDInter148,2026-04-17 13:45:05.837838+00,Azacitidine
DDInter1480,2026-04-17 13:45:05.837838+00,Pitolisant
DDInter1481,2026-04-17 13:45:05.837838+00,Plantago seed
DDInter1482,2026-04-17 13:45:05.837838+00,Plazomicin
DDInter1484,2026-04-17 13:45:05.837838+00,Plicamycin
DDInter1485,2026-04-17 13:45:05.837838+00,Polatuzumab vedotin
DDInter1486,2026-04-17 13:45:05.837838+00,Poliovirus type 1 antigen (formaldehyde inactivated)
DDInter1487,2026-04-17 13:45:05.837838+00,Polyethylene glycol (3350 with electrolytes)
DDInter1488,2026-04-17 13:45:05.837838+00,Polyethylene glycol (3350)
DDInter1489,2026-04-17 13:45:05.837838+00,Polymyxin B
DDInter149,2026-04-17 13:45:05.837838+00,Azatadine
DDInter1490,2026-04-17 13:45:05.837838+00,Polythiazide
DDInter1491,2026-04-17 13:45:05.837838+00,Pomalidomide
DDInter1492,2026-04-17 13:45:05.837838+00,Ponatinib
DDInter1493,2026-04-17 13:45:05.837838+00,Porfimer sodium
DDInter1494,2026-04-17 13:45:05.837838+00,Posaconazole
DDInter1497,2026-04-17 13:45:05.837838+00,Potassium chloride
DDInter1498,2026-04-17 13:45:05.837838+00,Potassium citrate
DDInter15,2026-04-17 13:45:05.837838+00,Acetazolamide
DDInter150,2026-04-17 13:45:05.837838+00,Azathioprine
DDInter1500,2026-04-17 13:45:05.837838+00,Potassium Iodide
DDInter1502,2026-04-17 13:45:05.837838+00,Pralatrexate
DDInter1503,2026-04-17 13:45:05.837838+00,Pralidoxime
DDInter1504,2026-04-17 13:45:05.837838+00,Pralsetinib
DDInter1505,2026-04-17 13:45:05.837838+00,Pramipexole
DDInter1506,2026-04-17 13:45:05.837838+00,Pramlintide
DDInter1508,2026-04-17 13:45:05.837838+00,Prasugrel
DDInter1509,2026-04-17 13:45:05.837838+00,Pravastatin
DDInter1510,2026-04-17 13:45:05.837838+00,Praziquantel
DDInter1511,2026-04-17 13:45:05.837838+00,Prazosin
DDInter1512,2026-04-17 13:45:05.837838+00,Prednicarbate (topical)
DDInter1513,2026-04-17 13:45:05.837838+00,Prednisolone
DDInter1514,2026-04-17 13:45:05.837838+00,Prednisolone (ophthalmic)
DDInter1515,2026-04-17 13:45:05.837838+00,Prednisone
DDInter1516,2026-04-17 13:45:05.837838+00,Pregabalin
DDInter1518,2026-04-17 13:45:05.837838+00,Prilocaine
DDInter1519,2026-04-17 13:45:05.837838+00,Prilocaine (topiclal)
DDInter1520,2026-04-17 13:45:05.837838+00,Primaquine
DDInter1521,2026-04-17 13:45:05.837838+00,Primidone
DDInter1522,2026-04-17 13:45:05.837838+00,Probenecid
DDInter1523,2026-04-17 13:45:05.837838+00,Probucol
DDInter1524,2026-04-17 13:45:05.837838+00,Procainamide
DDInter1525,2026-04-17 13:45:05.837838+00,Procaine
DDInter1526,2026-04-17 13:45:05.837838+00,Procarbazine
DDInter1527,2026-04-17 13:45:05.837838+00,Prochlorperazine
DDInter1528,2026-04-17 13:45:05.837838+00,Procyclidine
DDInter1529,2026-04-17 13:45:05.837838+00,Progesterone
DDInter153,2026-04-17 13:45:05.837838+00,Azelastine
DDInter1530,2026-04-17 13:45:05.837838+00,Progesterone (topical)
DDInter1531,2026-04-17 13:45:05.837838+00,Proguanil
DDInter1532,2026-04-17 13:45:05.837838+00,Promazine
DDInter1533,2026-04-17 13:45:05.837838+00,Promethazine
DDInter1534,2026-04-17 13:45:05.837838+00,Propafenone
DDInter1535,2026-04-17 13:45:05.837838+00,Propantheline
DDInter1536,2026-04-17 13:45:05.837838+00,Proparacaine (ophthalmic)
DDInter1537,2026-04-17 13:45:05.837838+00,Propiomazine
DDInter1538,2026-04-17 13:45:05.837838+00,Propofol
DDInter1539,2026-04-17 13:45:05.837838+00,Propranolol
DDInter154,2026-04-17 13:45:05.837838+00,Azelastine (nasal)
DDInter1540,2026-04-17 13:45:05.837838+00,Propylhexedrine (nasal)
DDInter1541,2026-04-17 13:45:05.837838+00,Propylthiouracil
DDInter1543,2026-04-17 13:45:05.837838+00,Protriptyline
DDInter1544,2026-04-17 13:45:05.837838+00,Prucalopride
DDInter1545,2026-04-17 13:45:05.837838+00,Pseudoephedrine
DDInter1546,2026-04-17 13:45:05.837838+00,Pyrantel
DDInter1547,2026-04-17 13:45:05.837838+00,Pyrazinamide
DDInter1548,2026-04-17 13:45:05.837838+00,Pyridostigmine
DDInter1550,2026-04-17 13:45:05.837838+00,Pyrimethamine
DDInter1552,2026-04-17 13:45:05.837838+00,Quazepam
DDInter1553,2026-04-17 13:45:05.837838+00,Quetiapine
DDInter1554,2026-04-17 13:45:05.837838+00,Quinapril
DDInter1555,2026-04-17 13:45:05.837838+00,Quinestrol
DDInter1556,2026-04-17 13:45:05.837838+00,Quinidine
DDInter1557,2026-04-17 13:45:05.837838+00,Quinine
DDInter1559,2026-04-17 13:45:05.837838+00,Rabeprazole
DDInter156,2026-04-17 13:45:05.837838+00,Azilsartan medoxomil
DDInter1560,2026-04-17 13:45:05.837838+00,Racepinephrine
DDInter1561,2026-04-17 13:45:05.837838+00,Radium Ra 223 dichloride
DDInter1562,2026-04-17 13:45:05.837838+00,Raloxifene
DDInter1563,2026-04-17 13:45:05.837838+00,Raltegravir
DDInter1564,2026-04-17 13:45:05.837838+00,Ramelteon
DDInter1565,2026-04-17 13:45:05.837838+00,Ramipril
DDInter1566,2026-04-17 13:45:05.837838+00,Ramucirumab
DDInter1568,2026-04-17 13:45:05.837838+00,Ranitidine
DDInter1569,2026-04-17 13:45:05.837838+00,Ranitidine (bismuth citrate)
DDInter157,2026-04-17 13:45:05.837838+00,Azithromycin
DDInter1570,2026-04-17 13:45:05.837838+00,Ranolazine
DDInter1571,2026-04-17 13:45:05.837838+00,Rapacuronium
DDInter1572,2026-04-17 13:45:05.837838+00,Rasagiline
DDInter1573,2026-04-17 13:45:05.837838+00,Rasburicase
DDInter1575,2026-04-17 13:45:05.837838+00,Regadenoson
DDInter1576,2026-04-17 13:45:05.837838+00,Regorafenib
DDInter1577,2026-04-17 13:45:05.837838+00,Relugolix
DDInter1578,2026-04-17 13:45:05.837838+00,Remdesivir
DDInter1579,2026-04-17 13:45:05.837838+00,Remifentanil
DDInter1580,2026-04-17 13:45:05.837838+00,Remimazolam
DDInter1581,2026-04-17 13:45:05.837838+00,Repaglinide
DDInter1582,2026-04-17 13:45:05.837838+00,Reserpine
DDInter1584,2026-04-17 13:45:05.837838+00,Retapamulin (topical)
DDInter1585,2026-04-17 13:45:05.837838+00,Reteplase
DDInter1586,2026-04-17 13:45:05.837838+00,Revefenacin
DDInter1587,2026-04-17 13:45:05.837838+00,Ribavirin
DDInter1588,2026-04-17 13:45:05.837838+00,Ribociclib
DDInter1589,2026-04-17 13:45:05.837838+00,Rifabutin
DDInter159,2026-04-17 13:45:05.837838+00,Bacampicillin
DDInter1590,2026-04-17 13:45:05.837838+00,Rifampicin
DDInter1592,2026-04-17 13:45:05.837838+00,Rifapentine
DDInter1594,2026-04-17 13:45:05.837838+00,Rilonacept
DDInter1595,2026-04-17 13:45:05.837838+00,Rilpivirine
DDInter1596,2026-04-17 13:45:05.837838+00,Riluzole
DDInter1597,2026-04-17 13:45:05.837838+00,Rimantadine
DDInter1598,2026-04-17 13:45:05.837838+00,Rimegepant
DDInter16,2026-04-17 13:45:05.837838+00,Acetohexamide
DDInter160,2026-04-17 13:45:05.837838+00,Bacillus calmette-guerin substrain tice live antigen
DDInter1600,2026-04-17 13:45:05.837838+00,Riociguat
DDInter1601,2026-04-17 13:45:05.837838+00,Ripretinib
DDInter1604,2026-04-17 13:45:05.837838+00,Risedronic acid
DDInter1605,2026-04-17 13:45:05.837838+00,Risperidone
DDInter1606,2026-04-17 13:45:05.837838+00,Ritodrine
DDInter1607,2026-04-17 13:45:05.837838+00,Ritonavir
DDInter1608,2026-04-17 13:45:05.837838+00,Rituximab
DDInter1609,2026-04-17 13:45:05.837838+00,Rivaroxaban
DDInter161,2026-04-17 13:45:05.837838+00,Bacitracin
DDInter1610,2026-04-17 13:45:05.837838+00,Rivastigmine
DDInter1611,2026-04-17 13:45:05.837838+00,Rizatriptan
DDInter1612,2026-04-17 13:45:05.837838+00,Rocuronium
DDInter1613,2026-04-17 13:45:05.837838+00,Rofecoxib
DDInter1614,2026-04-17 13:45:05.837838+00,Roflumilast
DDInter1615,2026-04-17 13:45:05.837838+00,Rolapitant
DDInter1616,2026-04-17 13:45:05.837838+00,Romidepsin
DDInter1618,2026-04-17 13:45:05.837838+00,Romosozumab
DDInter1619,2026-04-17 13:45:05.837838+00,Ropinirole
DDInter162,2026-04-17 13:45:05.837838+00,Baclofen
DDInter1620,2026-04-17 13:45:05.837838+00,Ropivacaine
DDInter1621,2026-04-17 13:45:05.837838+00,Rosiglitazone
DDInter1622,2026-04-17 13:45:05.837838+00,Rosuvastatin
DDInter1623,2026-04-17 13:45:05.837838+00,Rotavirus vaccine
DDInter1624,2026-04-17 13:45:05.837838+00,Rotigotine
DDInter1625,2026-04-17 13:45:05.837838+00,Rubella virus vaccine
DDInter1626,2026-04-17 13:45:05.837838+00,Rucaparib
DDInter1627,2026-04-17 13:45:05.837838+00,Rufinamide
DDInter1628,2026-04-17 13:45:05.837838+00,Ruxolitinib
DDInter1629,2026-04-17 13:45:05.837838+00,Sacituzumab govitecan
DDInter163,2026-04-17 13:45:05.837838+00,Baloxavir marboxil
DDInter1630,2026-04-17 13:45:05.837838+00,Sacubitril
DDInter1631,2026-04-17 13:45:05.837838+00,Safinamide
DDInter1632,2026-04-17 13:45:05.837838+00,Salbutamol
DDInter1633,2026-04-17 13:45:05.837838+00,Salicylic acid (sodium)
DDInter1635,2026-04-17 13:45:05.837838+00,Salmeterol
DDInter1637,2026-04-17 13:45:05.837838+00,Salsalate
DDInter1638,2026-04-17 13:45:05.837838+00,Samarium (153Sm) lexidronam
DDInter164,2026-04-17 13:45:05.837838+00,Balsalazide
DDInter1640,2026-04-17 13:45:05.837838+00,Saquinavir
DDInter1641,2026-04-17 13:45:05.837838+00,Sarecycline
DDInter1642,2026-04-17 13:45:05.837838+00,Sargramostim
DDInter1643,2026-04-17 13:45:05.837838+00,Sarilumab
DDInter1644,2026-04-17 13:45:05.837838+00,Satralizumab
DDInter1646,2026-04-17 13:45:05.837838+00,Saxagliptin
DDInter1647,2026-04-17 13:45:05.837838+00,Scopolamine
DDInter1648,2026-04-17 13:45:05.837838+00,Scopolamine (ophthalmic)
DDInter1649,2026-04-17 13:45:05.837838+00,Secnidazole
DDInter165,2026-04-17 13:45:05.837838+00,Baricitinib
DDInter1650,2026-04-17 13:45:05.837838+00,Secobarbital
DDInter1651,2026-04-17 13:45:05.837838+00,Secretin human
DDInter1653,2026-04-17 13:45:05.837838+00,Selegiline
DDInter1654,2026-04-17 13:45:05.837838+00,Selenium
DDInter1655,2026-04-17 13:45:05.837838+00,Selenium Sulfide
DDInter1656,2026-04-17 13:45:05.837838+00,Selexipag
DDInter1657,2026-04-17 13:45:05.837838+00,Selinexor
DDInter1658,2026-04-17 13:45:05.837838+00,Selpercatinib
DDInter1659,2026-04-17 13:45:05.837838+00,Selumetinib
DDInter1660,2026-04-17 13:45:05.837838+00,Semaglutide
DDInter1661,2026-04-17 13:45:05.837838+00,Sermorelin
DDInter1662,2026-04-17 13:45:05.837838+00,Sertraline
DDInter1663,2026-04-17 13:45:05.837838+00,Sevelamer
DDInter1664,2026-04-17 13:45:05.837838+00,Sevoflurane
DDInter1665,2026-04-17 13:45:05.837838+00,Sibutramine
DDInter1666,2026-04-17 13:45:05.837838+00,Sildenafil
DDInter1667,2026-04-17 13:45:05.837838+00,Silodosin
DDInter1668,2026-04-17 13:45:05.837838+00,Siltuximab
DDInter1670,2026-04-17 13:45:05.837838+00,Silver nitrate (ophthalmic)
DDInter1671,2026-04-17 13:45:05.837838+00,Silver nitrate (topical)
DDInter1672,2026-04-17 13:45:05.837838+00,Silver sulfadiazine (topical)
DDInter1673,2026-04-17 13:45:05.837838+00,Simeprevir
DDInter1675,2026-04-17 13:45:05.837838+00,Simvastatin
DDInter1676,2026-04-17 13:45:05.837838+00,Siponimod
DDInter1677,2026-04-17 13:45:05.837838+00,Sipuleucel-T
DDInter1678,2026-04-17 13:45:05.837838+00,Sirolimus
DDInter1679,2026-04-17 13:45:05.837838+00,Sitagliptin
DDInter168,2026-04-17 13:45:05.837838+00,Beclomethasone dipropionate
DDInter1680,2026-04-17 13:45:05.837838+00,"Smallpox (Vaccinia) Vaccine, Live"
DDInter1681,2026-04-17 13:45:05.837838+00,Sodium acetate
DDInter1682,2026-04-17 13:45:05.837838+00,Sodium aurothiomalate
DDInter1683,2026-04-17 13:45:05.837838+00,Sodium bicarbonate
DDInter1684,2026-04-17 13:45:05.837838+00,Sodium cellulose phosphate
DDInter1686,2026-04-17 13:45:05.837838+00,Sodium citrate
DDInter1687,2026-04-17 13:45:05.837838+00,Sodium ferric gluconate complex
DDInter1689,2026-04-17 13:45:05.837838+00,Sodium iodide
DDInter1690,2026-04-17 13:45:05.837838+00,Sodium oxybate
DDInter1692,2026-04-17 13:45:05.837838+00,"Sodium phosphate, monobasic (p32)"
DDInter1693,2026-04-17 13:45:05.837838+00,Sodium sulfate
DDInter1694,2026-04-17 13:45:05.837838+00,Sodium zirconium cyclosilicate
DDInter1696,2026-04-17 13:45:05.837838+00,Solifenacin
DDInter1697,2026-04-17 13:45:05.837838+00,Solriamfetol
DDInter1698,2026-04-17 13:45:05.837838+00,Somapacitan
DDInter1699,2026-04-17 13:45:05.837838+00,Somatotropin
DDInter170,2026-04-17 13:45:05.837838+00,Bedaquiline
DDInter1700,2026-04-17 13:45:05.837838+00,Somatrem
DDInter1701,2026-04-17 13:45:05.837838+00,Sonidegib
DDInter1702,2026-04-17 13:45:05.837838+00,Sorafenib
DDInter1703,2026-04-17 13:45:05.837838+00,Sorbitol
DDInter1704,2026-04-17 13:45:05.837838+00,Sotalol
DDInter1705,2026-04-17 13:45:05.837838+00,Sparfloxacin
DDInter1707,2026-04-17 13:45:05.837838+00,Spironolactone
DDInter1708,2026-04-17 13:45:05.837838+00,St. John's Wort
DDInter1709,2026-04-17 13:45:05.837838+00,Stanozolol
DDInter171,2026-04-17 13:45:05.837838+00,Belantamab mafodotin
DDInter1710,2026-04-17 13:45:05.837838+00,Stavudine
DDInter1711,2026-04-17 13:45:05.837838+00,Stiripentol
DDInter1712,2026-04-17 13:45:05.837838+00,Streptokinase
DDInter1713,2026-04-17 13:45:05.837838+00,Streptomycin
DDInter1714,2026-04-17 13:45:05.837838+00,Streptozocin
DDInter1715,2026-04-17 13:45:05.837838+00,Strontium chloride Sr-89
DDInter1716,2026-04-17 13:45:05.837838+00,Succinylcholine
DDInter1717,2026-04-17 13:45:05.837838+00,Sucralfate
DDInter1718,2026-04-17 13:45:05.837838+00,Sufentanil
DDInter1719,2026-04-17 13:45:05.837838+00,Sugammadex
DDInter172,2026-04-17 13:45:05.837838+00,Belatacept
DDInter1721,2026-04-17 13:45:05.837838+00,Sulfadiazine
DDInter1722,2026-04-17 13:45:05.837838+00,Sulfadoxine
DDInter1723,2026-04-17 13:45:05.837838+00,Sulfamethizole
DDInter1724,2026-04-17 13:45:05.837838+00,Sulfamethoxazole
DDInter1725,2026-04-17 13:45:05.837838+00,Sulfasalazine
DDInter1726,2026-04-17 13:45:05.837838+00,Sulfinpyrazone
DDInter1727,2026-04-17 13:45:05.837838+00,Sulfisoxazole
DDInter1729,2026-04-17 13:45:05.837838+00,Sulindac
DDInter1730,2026-04-17 13:45:05.837838+00,Sumatriptan
DDInter1731,2026-04-17 13:45:05.837838+00,Sunitinib
DDInter1732,2026-04-17 13:45:05.837838+00,Suprofen (ophthalmic)
DDInter1733,2026-04-17 13:45:05.837838+00,Suvorexant
DDInter1734,2026-04-17 13:45:05.837838+00,Tacrine
DDInter1735,2026-04-17 13:45:05.837838+00,Tacrolimus
DDInter1736,2026-04-17 13:45:05.837838+00,Tadalafil
DDInter1737,2026-04-17 13:45:05.837838+00,Tafamidis
DDInter1738,2026-04-17 13:45:05.837838+00,Tafasitamab
DDInter1739,2026-04-17 13:45:05.837838+00,Tafenoquine
DDInter174,2026-04-17 13:45:05.837838+00,Belinostat
DDInter1741,2026-04-17 13:45:05.837838+00,Tagraxofusp
DDInter1742,2026-04-17 13:45:05.837838+00,Talazoparib
DDInter1743,2026-04-17 13:45:05.837838+00,Talimogene laherparepvec
DDInter1744,2026-04-17 13:45:05.837838+00,Tamoxifen
DDInter1745,2026-04-17 13:45:05.837838+00,Tamsulosin
DDInter1746,2026-04-17 13:45:05.837838+00,Tapentadol
DDInter1747,2026-04-17 13:45:05.837838+00,Tasimelteon
DDInter175,2026-04-17 13:45:05.837838+00,Belladonna
DDInter1750,2026-04-17 13:45:05.837838+00,Tazemetostat
DDInter1754,2026-04-17 13:45:05.837838+00,Tegaserod
DDInter1755,2026-04-17 13:45:05.837838+00,Telaprevir
DDInter1756,2026-04-17 13:45:05.837838+00,Telavancin
DDInter1757,2026-04-17 13:45:05.837838+00,Telbivudine
DDInter1758,2026-04-17 13:45:05.837838+00,Telithromycin
DDInter1759,2026-04-17 13:45:05.837838+00,Telmisartan
DDInter176,2026-04-17 13:45:05.837838+00,Bempedoic acid
DDInter1760,2026-04-17 13:45:05.837838+00,Telotristat ethyl
DDInter1761,2026-04-17 13:45:05.837838+00,Temazepam
DDInter1762,2026-04-17 13:45:05.837838+00,Temozolomide
DDInter1763,2026-04-17 13:45:05.837838+00,Temsirolimus
DDInter1764,2026-04-17 13:45:05.837838+00,Tenecteplase
DDInter1765,2026-04-17 13:45:05.837838+00,Teniposide
DDInter1766,2026-04-17 13:45:05.837838+00,Teprotumumab
DDInter1767,2026-04-17 13:45:05.837838+00,Terazosin
DDInter1768,2026-04-17 13:45:05.837838+00,Terbinafine
DDInter1769,2026-04-17 13:45:05.837838+00,Terbutaline
DDInter177,2026-04-17 13:45:05.837838+00,Benazepril
DDInter1770,2026-04-17 13:45:05.837838+00,Terfenadine
DDInter1771,2026-04-17 13:45:05.837838+00,Teriflunomide
DDInter1773,2026-04-17 13:45:05.837838+00,Tesamorelin
DDInter1775,2026-04-17 13:45:05.837838+00,Testosterone
DDInter1776,2026-04-17 13:45:05.837838+00,Testosterone (topical)
DDInter1778,2026-04-17 13:45:05.837838+00,Tetrabenazine
DDInter1779,2026-04-17 13:45:05.837838+00,Tetracaine
DDInter178,2026-04-17 13:45:05.837838+00,Bendamustine
DDInter1780,2026-04-17 13:45:05.837838+00,Tetracaine (ophthalmic)
DDInter1781,2026-04-17 13:45:05.837838+00,Tetracaine (topical)
DDInter1782,2026-04-17 13:45:05.837838+00,Tetracosactide
DDInter1783,2026-04-17 13:45:05.837838+00,Tetracycline
DDInter1785,2026-04-17 13:45:05.837838+00,Tetraferric tricitrate decahydrate
DDInter1786,2026-04-17 13:45:05.837838+00,Tetrofosmin
DDInter1787,2026-04-17 13:45:05.837838+00,Tetryzoline (nasal)
DDInter1788,2026-04-17 13:45:05.837838+00,Tetryzoline (ophthalmic)
DDInter1789,2026-04-17 13:45:05.837838+00,Thalidomide
DDInter179,2026-04-17 13:45:05.837838+00,Bendroflumethiazide
DDInter1790,2026-04-17 13:45:05.837838+00,Thallous Chloride
DDInter1791,2026-04-17 13:45:05.837838+00,Theophylline
DDInter1792,2026-04-17 13:45:05.837838+00,Thiabendazole
DDInter1793,2026-04-17 13:45:05.837838+00,Thiethylperazine
DDInter1795,2026-04-17 13:45:05.837838+00,Thiopental
DDInter1796,2026-04-17 13:45:05.837838+00,Thioridazine
DDInter1797,2026-04-17 13:45:05.837838+00,Thiotepa
DDInter1798,2026-04-17 13:45:05.837838+00,Thiothixene
DDInter1799,2026-04-17 13:45:05.837838+00,"Thyroid, porcine"
DDInter18,2026-04-17 13:45:05.837838+00,Acetylcholine
DDInter1800,2026-04-17 13:45:05.837838+00,Thyrotropin alfa
DDInter1801,2026-04-17 13:45:05.837838+00,Tiagabine
DDInter1802,2026-04-17 13:45:05.837838+00,Ticagrelor
DDInter1803,2026-04-17 13:45:05.837838+00,Ticarcillin
DDInter1804,2026-04-17 13:45:05.837838+00,Ticlopidine
DDInter1805,2026-04-17 13:45:05.837838+00,Tigecycline
DDInter1808,2026-04-17 13:45:05.837838+00,Tiludronic acid
DDInter1809,2026-04-17 13:45:05.837838+00,Timolol
DDInter181,2026-04-17 13:45:05.837838+00,Benzatropine
DDInter1810,2026-04-17 13:45:05.837838+00,Timolol (ophthalmic)
DDInter1811,2026-04-17 13:45:05.837838+00,Tinidazole
DDInter1812,2026-04-17 13:45:05.837838+00,Tinzaparin
DDInter1814,2026-04-17 13:45:05.837838+00,Tioguanine
DDInter1815,2026-04-17 13:45:05.837838+00,Tiotropium
DDInter1817,2026-04-17 13:45:05.837838+00,Tipranavir
DDInter1818,2026-04-17 13:45:05.837838+00,Tirofiban
DDInter1819,2026-04-17 13:45:05.837838+00,Tisagenlecleucel
DDInter182,2026-04-17 13:45:05.837838+00,Benzhydrocodone
DDInter1821,2026-04-17 13:45:05.837838+00,Tizanidine
DDInter1822,2026-04-17 13:45:05.837838+00,Tobramycin
DDInter1823,2026-04-17 13:45:05.837838+00,Tocainide
DDInter1824,2026-04-17 13:45:05.837838+00,Tocilizumab
DDInter1825,2026-04-17 13:45:05.837838+00,Tofacitinib
DDInter1826,2026-04-17 13:45:05.837838+00,Tolazamide
DDInter1827,2026-04-17 13:45:05.837838+00,Tolazoline
DDInter1828,2026-04-17 13:45:05.837838+00,Tolbutamide
DDInter1829,2026-04-17 13:45:05.837838+00,Tolcapone
DDInter183,2026-04-17 13:45:05.837838+00,Benznidazole
DDInter1830,2026-04-17 13:45:05.837838+00,Tolevamer
DDInter1831,2026-04-17 13:45:05.837838+00,Tolmetin
DDInter1832,2026-04-17 13:45:05.837838+00,Tolterodine
DDInter1833,2026-04-17 13:45:05.837838+00,Tolvaptan
DDInter1834,2026-04-17 13:45:05.837838+00,Topiramate
DDInter1835,2026-04-17 13:45:05.837838+00,Topotecan
DDInter1836,2026-04-17 13:45:05.837838+00,Torasemide
DDInter1837,2026-04-17 13:45:05.837838+00,Toremifene
DDInter1838,2026-04-17 13:45:05.837838+00,Tositumomab
DDInter1839,2026-04-17 13:45:05.837838+00,Tositumomab (I-131)
DDInter184,2026-04-17 13:45:05.837838+00,Benzocaine (topical)
DDInter1840,2026-04-17 13:45:05.837838+00,Trabectedin
DDInter1841,2026-04-17 13:45:05.837838+00,Tramadol
DDInter1843,2026-04-17 13:45:05.837838+00,Trandolapril
DDInter1845,2026-04-17 13:45:05.837838+00,Tranylcypromine
DDInter1846,2026-04-17 13:45:05.837838+00,Trastuzumab
DDInter1847,2026-04-17 13:45:05.837838+00,Trastuzumab deruxtecan
DDInter1848,2026-04-17 13:45:05.837838+00,Trastuzumab emtansine
DDInter1849,2026-04-17 13:45:05.837838+00,Travoprost
DDInter1851,2026-04-17 13:45:05.837838+00,Trazodone
DDInter1852,2026-04-17 13:45:05.837838+00,Treprostinil
DDInter1853,2026-04-17 13:45:05.837838+00,Tretinoin
DDInter1855,2026-04-17 13:45:05.837838+00,Triamcinolone
DDInter1856,2026-04-17 13:45:05.837838+00,Triamcinolone (nasal)
DDInter1857,2026-04-17 13:45:05.837838+00,Triamcinolone (ophthalmic)
DDInter1858,2026-04-17 13:45:05.837838+00,Triamcinolone (topical)
DDInter1859,2026-04-17 13:45:05.837838+00,Triamterene
DDInter1860,2026-04-17 13:45:05.837838+00,Triazolam
DDInter1861,2026-04-17 13:45:05.837838+00,Trichlormethiazide
DDInter1862,2026-04-17 13:45:05.837838+00,Trichophyton mentagrophytes
DDInter1863,2026-04-17 13:45:05.837838+00,Triclabendazole
DDInter1864,2026-04-17 13:45:05.837838+00,Triethylenetetramine
DDInter1866,2026-04-17 13:45:05.837838+00,Trifluoperazine
DDInter1867,2026-04-17 13:45:05.837838+00,Triflupromazine
DDInter1868,2026-04-17 13:45:05.837838+00,Trifluridine
DDInter187,2026-04-17 13:45:05.837838+00,Benzphetamine
DDInter1870,2026-04-17 13:45:05.837838+00,Trihexyphenidyl
DDInter1871,2026-04-17 13:45:05.837838+00,Trimethadione
DDInter1872,2026-04-17 13:45:05.837838+00,Trimethaphan
DDInter1873,2026-04-17 13:45:05.837838+00,Trimethobenzamide
DDInter1874,2026-04-17 13:45:05.837838+00,Trimethoprim
DDInter1875,2026-04-17 13:45:05.837838+00,Trimetrexate
DDInter1876,2026-04-17 13:45:05.837838+00,Trimipramine
DDInter1878,2026-04-17 13:45:05.837838+00,Tripelennamine
DDInter1879,2026-04-17 13:45:05.837838+00,Triprolidine
DDInter188,2026-04-17 13:45:05.837838+00,Benzthiazide
DDInter1880,2026-04-17 13:45:05.837838+00,Triptorelin
DDInter1881,2026-04-17 13:45:05.837838+00,Troglitazone
DDInter1882,2026-04-17 13:45:05.837838+00,Troleandomycin
DDInter1883,2026-04-17 13:45:05.837838+00,Tromethamine
DDInter1884,2026-04-17 13:45:05.837838+00,Tropicamide
DDInter1885,2026-04-17 13:45:05.837838+00,Tropicamide (ophthalmic)
DDInter1886,2026-04-17 13:45:05.837838+00,Trospium
DDInter1887,2026-04-17 13:45:05.837838+00,Trovafloxacin
DDInter1888,2026-04-17 13:45:05.837838+00,Tryptophan
DDInter1889,2026-04-17 13:45:05.837838+00,Tuberculin purified protein derivative
DDInter189,2026-04-17 13:45:05.837838+00,Benzylpenicillin
DDInter1890,2026-04-17 13:45:05.837838+00,Tubocurarine
DDInter1891,2026-04-17 13:45:05.837838+00,Tucatinib
DDInter1892,2026-04-17 13:45:05.837838+00,Turmeric
DDInter1893,2026-04-17 13:45:05.837838+00,Typhoid vaccine (inactivated)
DDInter1894,2026-04-17 13:45:05.837838+00,Typhoid vaccine (live)
DDInter1895,2026-04-17 13:45:05.837838+00,Tyropanoic acid
DDInter1896,2026-04-17 13:45:05.837838+00,Ubrogepant
DDInter1897,2026-04-17 13:45:05.837838+00,Ulipristal
DDInter1898,2026-04-17 13:45:05.837838+00,Ulobetasol (topical)
DDInter1899,2026-04-17 13:45:05.837838+00,Umeclidinium
DDInter19,2026-04-17 13:45:05.837838+00,Acetylcysteine
DDInter190,2026-04-17 13:45:05.837838+00,Benzylpenicillin (potassium)
DDInter1901,2026-04-17 13:45:05.837838+00,Upadacitinib
DDInter1902,2026-04-17 13:45:05.837838+00,Uracil mustard
DDInter1903,2026-04-17 13:45:05.837838+00,Urea
DDInter1905,2026-04-17 13:45:05.837838+00,Urokinase
DDInter1906,2026-04-17 13:45:05.837838+00,Ursodeoxycholic acid
DDInter1907,2026-04-17 13:45:05.837838+00,Ustekinumab
DDInter1908,2026-04-17 13:45:05.837838+00,Valaciclovir
DDInter1909,2026-04-17 13:45:05.837838+00,Valbenazine
DDInter191,2026-04-17 13:45:05.837838+00,Benzylpenicillin (sodium)
DDInter1910,2026-04-17 13:45:05.837838+00,Valdecoxib
DDInter1911,2026-04-17 13:45:05.837838+00,Valerian
DDInter1912,2026-04-17 13:45:05.837838+00,Valganciclovir
DDInter1913,2026-04-17 13:45:05.837838+00,Valproic acid
DDInter1914,2026-04-17 13:45:05.837838+00,Valrubicin
DDInter1915,2026-04-17 13:45:05.837838+00,Valsartan
DDInter1916,2026-04-17 13:45:05.837838+00,Vancomycin
DDInter1917,2026-04-17 13:45:05.837838+00,Vandetanib
DDInter1918,2026-04-17 13:45:05.837838+00,Vardenafil
DDInter1919,2026-04-17 13:45:05.837838+00,Varenicline
DDInter192,2026-04-17 13:45:05.837838+00,Bepridil
DDInter1920,2026-04-17 13:45:05.837838+00,Varicella Zoster Vaccine (Recombinant)
DDInter1921,2026-04-17 13:45:05.837838+00,Vasopressin
DDInter1922,2026-04-17 13:45:05.837838+00,Vecuronium
DDInter1924,2026-04-17 13:45:05.837838+00,Velpatasvir
DDInter1925,2026-04-17 13:45:05.837838+00,Vemurafenib
DDInter1926,2026-04-17 13:45:05.837838+00,Venetoclax
DDInter1927,2026-04-17 13:45:05.837838+00,Venlafaxine
DDInter1928,2026-04-17 13:45:05.837838+00,Verapamil
DDInter1929,2026-04-17 13:45:05.837838+00,Verteporfin
DDInter193,2026-04-17 13:45:05.837838+00,Berotralstat
DDInter1931,2026-04-17 13:45:05.837838+00,Vibrio cholerae CVD 103-HgR strain live antigen
DDInter1932,2026-04-17 13:45:05.837838+00,Vibrio cholerae CVD 103-HgR strain live antigen (live)
DDInter1933,2026-04-17 13:45:05.837838+00,Vigabatrin
DDInter1934,2026-04-17 13:45:05.837838+00,Vilanterol
DDInter1935,2026-04-17 13:45:05.837838+00,Vilazodone
DDInter1936,2026-04-17 13:45:05.837838+00,Vinblastine
DDInter1937,2026-04-17 13:45:05.837838+00,Vincristine
DDInter1938,2026-04-17 13:45:05.837838+00,Vincristine (liposome)
DDInter1939,2026-04-17 13:45:05.837838+00,Vinorelbine
DDInter1940,2026-04-17 13:45:05.837838+00,Vismodegib
DDInter1941,2026-04-17 13:45:05.837838+00,Vitamin A
DDInter1942,2026-04-17 13:45:05.837838+00,Vitamin D
DDInter1943,2026-04-17 13:45:05.837838+00,Vitamin E
DDInter1945,2026-04-17 13:45:05.837838+00,Vorapaxar
DDInter1946,2026-04-17 13:45:05.837838+00,Voriconazole
DDInter1947,2026-04-17 13:45:05.837838+00,Vorinostat
DDInter1948,2026-04-17 13:45:05.837838+00,Vortioxetine
DDInter1949,2026-04-17 13:45:05.837838+00,Voxelotor
DDInter195,2026-04-17 13:45:05.837838+00,Betamethasone
DDInter1950,2026-04-17 13:45:05.837838+00,Voxilaprevir
DDInter1951,2026-04-17 13:45:05.837838+00,Warfarin
DDInter1952,2026-04-17 13:45:05.837838+00,Xylometazoline (nasal)
DDInter1953,2026-04-17 13:45:05.837838+00,Yellow Fever Vaccine
DDInter1954,2026-04-17 13:45:05.837838+00,Yohimbine
DDInter1955,2026-04-17 13:45:05.837838+00,Zafirlukast
DDInter1956,2026-04-17 13:45:05.837838+00,Zalcitabine
DDInter1957,2026-04-17 13:45:05.837838+00,Zaleplon
DDInter1959,2026-04-17 13:45:05.837838+00,Zanubrutinib
DDInter196,2026-04-17 13:45:05.837838+00,Betamethasone (topical)
DDInter1960,2026-04-17 13:45:05.837838+00,Ziconotide
DDInter1961,2026-04-17 13:45:05.837838+00,Zidovudine
DDInter1962,2026-04-17 13:45:05.837838+00,Zileuton
DDInter1963,2026-04-17 13:45:05.837838+00,Zinc acetate
DDInter1964,2026-04-17 13:45:05.837838+00,Zinc chloride
DDInter1965,2026-04-17 13:45:05.837838+00,Zinc gluconate
DDInter1966,2026-04-17 13:45:05.837838+00,Zinc sulfate
DDInter1967,2026-04-17 13:45:05.837838+00,Ziprasidone
DDInter1968,2026-04-17 13:45:05.837838+00,Zoledronic acid
DDInter1969,2026-04-17 13:45:05.837838+00,Zolmitriptan
DDInter197,2026-04-17 13:45:05.837838+00,Betaxolol
DDInter1970,2026-04-17 13:45:05.837838+00,Zolpidem
DDInter1971,2026-04-17 13:45:05.837838+00,Zonisamide
DDInter1972,2026-04-17 13:45:05.837838+00,Zopiclone
DDInter198,2026-04-17 13:45:05.837838+00,Betaxolol (ophthalmic)
DDInter199,2026-04-17 13:45:05.837838+00,Bethanechol
DDInter2,2026-04-17 14:10:42.611864+00,Abaloparatide
DDInter20,2026-04-17 13:45:05.837838+00,Acetylsalicylic acid
DDInter200,2026-04-17 13:45:05.837838+00,Betrixaban
DDInter201,2026-04-17 13:45:05.837838+00,Bevacizumab
DDInter202,2026-04-17 13:45:05.837838+00,Bexarotene
DDInter204,2026-04-17 13:45:05.837838+00,Bicalutamide
DDInter205,2026-04-17 13:45:05.837838+00,Bictegravir
DDInter206,2026-04-17 13:45:05.837838+00,Bifidobacterium longum infantis
DDInter207,2026-04-17 13:45:05.837838+00,Bimatoprost
DDInter21,2026-04-17 13:45:05.837838+00,Acitretin
DDInter210,2026-04-17 13:45:05.837838+00,Binimetinib
DDInter211,2026-04-17 13:45:05.837838+00,Biperiden
DDInter212,2026-04-17 13:45:05.837838+00,Bisacodyl
DDInter215,2026-04-17 13:45:05.837838+00,Bismuth subsalicylate
DDInter216,2026-04-17 13:45:05.837838+00,Bisoprolol
DDInter217,2026-04-17 13:45:05.837838+00,Bivalirudin
DDInter219,2026-04-17 13:45:05.837838+00,Bleomycin
DDInter22,2026-04-17 13:45:05.837838+00,Aclidinium
DDInter220,2026-04-17 13:45:05.837838+00,Blinatumomab
DDInter221,2026-04-17 13:45:05.837838+00,Boceprevir
DDInter222,2026-04-17 13:45:05.837838+00,Bortezomib
DDInter223,2026-04-17 13:45:05.837838+00,Bosentan
DDInter224,2026-04-17 13:45:05.837838+00,Bosutinib
DDInter225,2026-04-17 13:45:05.837838+00,Botulinum toxin type A
DDInter226,2026-04-17 13:45:05.837838+00,Botulinum Toxin Type B
DDInter228,2026-04-17 13:45:05.837838+00,Brentuximab vedotin
DDInter229,2026-04-17 13:45:05.837838+00,Bretylium
DDInter23,2026-04-17 13:45:05.837838+00,Acrivastine
DDInter230,2026-04-17 13:45:05.837838+00,Brexanolone
DDInter231,2026-04-17 13:45:05.837838+00,Brexpiprazole
DDInter232,2026-04-17 13:45:05.837838+00,Brexucabtagene autoleucel
DDInter233,2026-04-17 13:45:05.837838+00,Brigatinib
DDInter234,2026-04-17 13:45:05.837838+00,Brimonidine
DDInter235,2026-04-17 13:45:05.837838+00,Brimonidine (ophthalmic)
DDInter236,2026-04-17 13:45:05.837838+00,Brimonidine (topical)
DDInter237,2026-04-17 13:45:05.837838+00,Brinzolamide
DDInter239,2026-04-17 13:45:05.837838+00,Brivaracetam
DDInter24,2026-04-17 13:45:05.837838+00,Activated charcoal
DDInter241,2026-04-17 13:45:05.837838+00,Bromfenac
DDInter242,2026-04-17 13:45:05.837838+00,Bromfenac (ophthalmic)
DDInter243,2026-04-17 13:45:05.837838+00,Bromocriptine
DDInter245,2026-04-17 13:45:05.837838+00,Brompheniramine
DDInter246,2026-04-17 13:45:05.837838+00,Budesonide
DDInter247,2026-04-17 13:45:05.837838+00,Budesonide (nasal)
DDInter248,2026-04-17 13:45:05.837838+00,Bumetanide
DDInter249,2026-04-17 13:45:05.837838+00,Bupivacaine
DDInter25,2026-04-17 13:45:05.837838+00,Acyclovir
DDInter251,2026-04-17 13:45:05.837838+00,Buprenorphine
DDInter252,2026-04-17 13:45:05.837838+00,Bupropion
DDInter253,2026-04-17 13:45:05.837838+00,Burosumab
DDInter254,2026-04-17 13:45:05.837838+00,Buspirone
DDInter255,2026-04-17 13:45:05.837838+00,Busulfan
DDInter256,2026-04-17 13:45:05.837838+00,Butabarbital
DDInter257,2026-04-17 13:45:05.837838+00,Butalbital
DDInter258,2026-04-17 13:45:05.837838+00,Butorphanol
DDInter259,2026-04-17 13:45:05.837838+00,Cabazitaxel
DDInter260,2026-04-17 13:45:05.837838+00,Cabergoline
DDInter261,2026-04-17 13:45:05.837838+00,Cabotegravir
DDInter262,2026-04-17 13:45:05.837838+00,Cabozantinib
DDInter263,2026-04-17 13:45:05.837838+00,Caffeine
DDInter264,2026-04-17 13:45:05.837838+00,Calaspargase pegol
DDInter265,2026-04-17 13:45:05.837838+00,Calcifediol
DDInter266,2026-04-17 13:45:05.837838+00,Calcipotriol
DDInter267,2026-04-17 13:45:05.837838+00,Calcipotriol (topical)
DDInter268,2026-04-17 13:45:05.837838+00,Calcitriol
DDInter269,2026-04-17 13:45:05.837838+00,Calcitriol (topical)
DDInter27,2026-04-17 13:45:05.837838+00,Adalimumab
DDInter270,2026-04-17 13:45:05.837838+00,Calcium acetate
DDInter271,2026-04-17 13:45:05.837838+00,Calcium carbonate
DDInter272,2026-04-17 13:45:05.837838+00,Calcium chloride
DDInter273,2026-04-17 13:45:05.837838+00,Calcium citrate
DDInter274,2026-04-17 13:45:05.837838+00,Calcium glubionate anhydrous
DDInter276,2026-04-17 13:45:05.837838+00,Calcium gluconate
DDInter277,2026-04-17 13:45:05.837838+00,Calcium glycerophosphate
DDInter278,2026-04-17 13:45:05.837838+00,Calcium lactate
DDInter279,2026-04-17 13:45:05.837838+00,Calcium Phosphate
DDInter280,2026-04-17 13:45:05.837838+00,Canagliflozin
DDInter281,2026-04-17 13:45:05.837838+00,Canakinumab
DDInter282,2026-04-17 13:45:05.837838+00,Candida albicans
DDInter283,2026-04-17 13:45:05.837838+00,Cangrelor
DDInter284,2026-04-17 13:45:05.837838+00,Cannabidiol
DDInter285,2026-04-17 13:45:05.837838+00,Capecitabine
DDInter286,2026-04-17 13:45:05.837838+00,Caplacizumab
DDInter287,2026-04-17 13:45:05.837838+00,Capmatinib
DDInter288,2026-04-17 13:45:05.837838+00,Capreomycin
DDInter289,2026-04-17 13:45:05.837838+00,Capromab pendetide
DDInter291,2026-04-17 13:45:05.837838+00,Capsicum
DDInter292,2026-04-17 13:45:05.837838+00,Captopril
DDInter293,2026-04-17 13:45:05.837838+00,Carbamazepine
DDInter294,2026-04-17 13:45:05.837838+00,Carbamoylcholine (ophthalmic)
DDInter295,2026-04-17 13:45:05.837838+00,Carbenicillin
DDInter297,2026-04-17 13:45:05.837838+00,Carbinoxamine
DDInter298,2026-04-17 13:45:05.837838+00,Carboplatin
DDInter299,2026-04-17 13:45:05.837838+00,Carfilzomib
DDInter3,2026-04-17 13:45:05.837838+00,Abametapir (topical)
DDInter30,2026-04-17 13:45:05.837838+00,Adefovir dipivoxil
DDInter300,2026-04-17 13:45:05.837838+00,Cariprazine
DDInter301,2026-04-17 13:45:05.837838+00,Carisoprodol
DDInter302,2026-04-17 13:45:05.837838+00,Carmustine
DDInter303,2026-04-17 13:45:05.837838+00,Carteolol
DDInter304,2026-04-17 13:45:05.837838+00,Carteolol (ophthalmic)
DDInter305,2026-04-17 13:45:05.837838+00,Carvedilol
DDInter306,2026-04-17 13:45:05.837838+00,Caspofungin
DDInter307,2026-04-17 13:45:05.837838+00,Castor oil
DDInter309,2026-04-17 13:45:05.837838+00,Cefaclor
DDInter31,2026-04-17 13:45:05.837838+00,Adenosine
DDInter310,2026-04-17 13:45:05.837838+00,Cefadroxil
DDInter312,2026-04-17 13:45:05.837838+00,Cefamandole
DDInter314,2026-04-17 13:45:05.837838+00,Cefazolin
DDInter315,2026-04-17 13:45:05.837838+00,Cefdinir
DDInter316,2026-04-17 13:45:05.837838+00,Cefditoren
DDInter317,2026-04-17 13:45:05.837838+00,Cefepime
DDInter318,2026-04-17 13:45:05.837838+00,Cefiderocol
DDInter32,2026-04-17 13:45:05.837838+00,Afatinib
DDInter320,2026-04-17 13:45:05.837838+00,Cefmetazole
DDInter322,2026-04-17 13:45:05.837838+00,Cefoperazone
DDInter323,2026-04-17 13:45:05.837838+00,Cefotaxime
DDInter324,2026-04-17 13:45:05.837838+00,Cefotetan
DDInter326,2026-04-17 13:45:05.837838+00,Cefpodoxime
DDInter327,2026-04-17 13:45:05.837838+00,Cefprozil
DDInter33,2026-04-17 13:45:05.837838+00,Aflibercept
DDInter330,2026-04-17 13:45:05.837838+00,Ceftazidime
DDInter334,2026-04-17 13:45:05.837838+00,Ceftriaxone
DDInter335,2026-04-17 13:45:05.837838+00,Cefuroxime
DDInter336,2026-04-17 13:45:05.837838+00,Celecoxib
DDInter337,2026-04-17 13:45:05.837838+00,Cemiplimab
DDInter338,2026-04-17 13:45:05.837838+00,Cenobamate
DDInter339,2026-04-17 13:45:05.837838+00,Cephalexin
DDInter340,2026-04-17 13:45:05.837838+00,Ceritinib
DDInter341,2026-04-17 13:45:05.837838+00,Cerivastatin
DDInter342,2026-04-17 13:45:05.837838+00,Certolizumab pegol
DDInter343,2026-04-17 13:45:05.837838+00,Cetirizine
DDInter344,2026-04-17 14:18:48.580289+00,Cetuximab
DDInter346,2026-04-17 13:45:05.837838+00,Cevimeline
DDInter347,2026-04-17 13:45:05.837838+00,Chamomile
DDInter349,2026-04-17 13:45:05.837838+00,Chloral hydrate
DDInter35,2026-04-17 13:45:05.837838+00,Albendazole
DDInter350,2026-04-17 13:45:05.837838+00,Chlorambucil
DDInter351,2026-04-17 13:45:05.837838+00,Chloramphenicol
DDInter352,2026-04-17 13:45:05.837838+00,Chloramphenicol (ophthalmic)
DDInter354,2026-04-17 13:45:05.837838+00,Chlorcyclizine
DDInter355,2026-04-17 13:45:05.837838+00,Chlordiazepoxide
DDInter356,2026-04-17 13:45:05.837838+00,Chlorhexidine
DDInter357,2026-04-17 13:45:05.837838+00,Chlormezanone
DDInter358,2026-04-17 13:45:05.837838+00,Chloroprocaine
DDInter359,2026-04-17 13:45:05.837838+00,Chloroquine
DDInter36,2026-04-17 13:45:05.837838+00,Albiglutide
DDInter360,2026-04-17 13:45:05.837838+00,Chlorothiazide
DDInter361,2026-04-17 13:45:05.837838+00,Chlorphenesin
DDInter362,2026-04-17 13:45:05.837838+00,Chlorpheniramine
DDInter363,2026-04-17 13:45:05.837838+00,Chlorpromazine
DDInter364,2026-04-17 13:45:05.837838+00,Chlorpropamide
DDInter365,2026-04-17 13:45:05.837838+00,Chlorthalidone
DDInter366,2026-04-17 13:45:05.837838+00,Chlorzoxazone
DDInter367,2026-04-17 13:45:05.837838+00,Cholecalciferol
DDInter368,2026-04-17 13:45:05.837838+00,Cholestyramine
DDInter37,2026-04-17 13:45:05.837838+00,Alclometasone (topical)
DDInter370,2026-04-17 13:45:05.837838+00,Choline salicylate
DDInter373,2026-04-17 13:45:05.837838+00,Chromic chloride
DDInter374,2026-04-17 13:45:05.837838+00,Chromium picolinate
DDInter375,2026-04-17 13:45:05.837838+00,Ciclesonide
DDInter376,2026-04-17 13:45:05.837838+00,Ciclesonide (nasal)
DDInter377,2026-04-17 13:45:05.837838+00,Ciclopirox
DDInter378,2026-04-17 13:45:05.837838+00,Cidofovir
DDInter379,2026-04-17 13:45:05.837838+00,Cilostazol
DDInter38,2026-04-17 13:45:05.837838+00,Aldesleukin
DDInter380,2026-04-17 13:45:05.837838+00,Cimetidine
DDInter381,2026-04-17 13:45:05.837838+00,Cinacalcet
DDInter382,2026-04-17 13:45:05.837838+00,Cinchocaine (topical)
DDInter383,2026-04-17 13:45:05.837838+00,Cinoxacin
DDInter384,2026-04-17 13:45:05.837838+00,Ciprofloxacin
DDInter385,2026-04-17 13:45:05.837838+00,Cisapride
DDInter386,2026-04-17 13:45:05.837838+00,Cisatracurium
DDInter387,2026-04-17 13:45:05.837838+00,Cisplatin
DDInter388,2026-04-17 13:45:05.837838+00,Citalopram
DDInter39,2026-04-17 13:45:05.837838+00,Alectinib
DDInter392,2026-04-17 13:45:05.837838+00,Cladribine
DDInter393,2026-04-17 13:45:05.837838+00,Clarithromycin
DDInter395,2026-04-17 13:45:05.837838+00,Clemastine
DDInter396,2026-04-17 13:45:05.837838+00,Clevidipine
DDInter397,2026-04-17 13:45:05.837838+00,Clidinium
DDInter398,2026-04-17 13:45:05.837838+00,Clindamycin
DDInter4,2026-04-17 13:45:05.837838+00,Abarelix
DDInter40,2026-04-17 13:45:05.837838+00,Alefacept
DDInter401,2026-04-17 13:45:05.837838+00,Clobazam
DDInter402,2026-04-17 13:45:05.837838+00,Clobetasol
DDInter403,2026-04-17 13:45:05.837838+00,Clobetasol (topical)
DDInter404,2026-04-17 13:45:05.837838+00,Clocortolone (topical)
DDInter405,2026-04-17 13:45:05.837838+00,Clofarabine
DDInter406,2026-04-17 13:45:05.837838+00,Clofazimine
DDInter407,2026-04-17 13:45:05.837838+00,Clofedanol
DDInter408,2026-04-17 13:45:05.837838+00,Clofibrate
DDInter41,2026-04-17 13:45:05.837838+00,Alemtuzumab
DDInter410,2026-04-17 13:45:05.837838+00,Clomipramine
DDInter411,2026-04-17 13:45:05.837838+00,Clonazepam
DDInter412,2026-04-17 13:45:05.837838+00,Clonidine
DDInter413,2026-04-17 13:45:05.837838+00,Clopidogrel
DDInter414,2026-04-17 13:45:05.837838+00,Clorazepic acid
DDInter415,2026-04-17 13:45:05.837838+00,Clostridium tetani toxoid antigen (formaldehyde inactivated)
DDInter416,2026-04-17 13:45:05.837838+00,Clotrimazole
DDInter418,2026-04-17 13:45:05.837838+00,Cloxacillin
DDInter419,2026-04-17 13:45:05.837838+00,Clozapine
DDInter42,2026-04-17 13:45:05.837838+00,Alendronic acid
DDInter424,2026-04-17 13:45:05.837838+00,Cobicistat
DDInter425,2026-04-17 13:45:05.837838+00,Cobimetinib
DDInter426,2026-04-17 13:45:05.837838+00,Cocaine (nasal)
DDInter427,2026-04-17 13:45:05.837838+00,Cocaine (topical)
DDInter428,2026-04-17 13:45:05.837838+00,Coccidioides immitis spherule
DDInter429,2026-04-17 13:45:05.837838+00,Codeine
DDInter43,2026-04-17 13:45:05.837838+00,Alfentanil
DDInter430,2026-04-17 13:45:05.837838+00,Coenzyme M
DDInter431,2026-04-17 13:45:05.837838+00,Colchicine
DDInter432,2026-04-17 13:45:05.837838+00,Colesevelam
DDInter433,2026-04-17 13:45:05.837838+00,Colestipol
DDInter434,2026-04-17 13:45:05.837838+00,Colistimethate
DDInter438,2026-04-17 13:45:05.837838+00,Conivaptan
DDInter439,2026-04-17 13:45:05.837838+00,Conjugated estrogens
DDInter44,2026-04-17 13:45:05.837838+00,Alfuzosin
DDInter440,2026-04-17 13:45:05.837838+00,Conjugated estrogens (topical)
DDInter441,2026-04-17 13:45:05.837838+00,Copanlisib
DDInter442,2026-04-17 13:45:05.837838+00,Copper gluconate
DDInter445,2026-04-17 13:45:05.837838+00,Corticotropin
DDInter448,2026-04-17 13:45:05.837838+00,Crizotinib
DDInter449,2026-04-17 13:45:05.837838+00,Cromoglicic acid
DDInter45,2026-04-17 13:45:05.837838+00,Alimemazine
DDInter451,2026-04-17 13:45:05.837838+00,Cyanocobalamin
DDInter452,2026-04-17 13:45:05.837838+00,Cyclandelate
DDInter453,2026-04-17 13:45:05.837838+00,Cyclizine
DDInter454,2026-04-17 13:45:05.837838+00,Cyclobenzaprine
DDInter455,2026-04-17 13:45:05.837838+00,Cyclopentolate (ophthalmic)
DDInter456,2026-04-17 13:45:05.837838+00,Cyclophosphamide
DDInter457,2026-04-17 13:45:05.837838+00,Cycloserine
DDInter458,2026-04-17 13:45:05.837838+00,Cyclosporine
DDInter459,2026-04-17 13:45:05.837838+00,Cyproheptadine
DDInter46,2026-04-17 13:45:05.837838+00,Aliskiren
DDInter460,2026-04-17 13:45:05.837838+00,Cytarabine
DDInter462,2026-04-17 13:45:05.837838+00,Dabrafenib
DDInter463,2026-04-17 13:45:05.837838+00,Dacarbazine
DDInter464,2026-04-17 13:45:05.837838+00,Daclatasvir
DDInter465,2026-04-17 13:45:05.837838+00,Dacomitinib
DDInter466,2026-04-17 13:45:05.837838+00,Dactinomycin
DDInter468,2026-04-17 13:45:05.837838+00,Dalfampridine
DDInter469,2026-04-17 13:45:05.837838+00,Dalfopristin
DDInter470,2026-04-17 13:45:05.837838+00,Dalteparin
DDInter471,2026-04-17 13:45:05.837838+00,Danaparoid
DDInter472,2026-04-17 13:45:05.837838+00,Danazol
DDInter473,2026-04-17 13:45:05.837838+00,Dantrolene
DDInter474,2026-04-17 13:45:05.837838+00,Dapagliflozin
DDInter475,2026-04-17 13:45:05.837838+00,Dapsone
DDInter476,2026-04-17 13:45:05.837838+00,Dapsone (topical)
DDInter477,2026-04-17 13:45:05.837838+00,Daptomycin
DDInter478,2026-04-17 13:45:05.837838+00,Daratumumab
DDInter48,2026-04-17 13:45:05.837838+00,Allopurinol
DDInter480,2026-04-17 13:45:05.837838+00,Darifenacin
DDInter481,2026-04-17 13:45:05.837838+00,Darolutamide
DDInter482,2026-04-17 13:45:05.837838+00,Darunavir
DDInter484,2026-04-17 13:45:05.837838+00,Dasatinib
DDInter485,2026-04-17 13:45:05.837838+00,Daunorubicin
DDInter486,2026-04-17 13:45:05.837838+00,Daunorubicin (liposomal)
DDInter487,2026-04-17 13:45:05.837838+00,Decitabine
DDInter488,2026-04-17 13:45:05.837838+00,Deferasirox
DDInter489,2026-04-17 13:45:05.837838+00,Deferiprone
DDInter49,2026-04-17 13:45:05.837838+00,Almotriptan
DDInter490,2026-04-17 13:45:05.837838+00,Deferoxamine
DDInter491,2026-04-17 13:45:05.837838+00,Defibrotide
DDInter492,2026-04-17 13:45:05.837838+00,Deflazacort
DDInter493,2026-04-17 13:45:05.837838+00,Degarelix
DDInter495,2026-04-17 13:45:05.837838+00,Delafloxacin
DDInter496,2026-04-17 13:45:05.837838+00,Delavirdine
DDInter497,2026-04-17 13:45:05.837838+00,Demecarium (ophthalmic)
DDInter498,2026-04-17 13:45:05.837838+00,Demeclocycline
DDInter5,2026-04-17 14:11:59.801391+00,Abatacept
DDInter50,2026-04-17 13:45:05.837838+00,Aloe Vera Leaf
DDInter500,2026-04-17 13:45:05.837838+00,Denosumab
DDInter501,2026-04-17 13:45:05.837838+00,Deoxycholic acid
DDInter502,2026-04-17 13:45:05.837838+00,Deserpidine
DDInter504,2026-04-17 13:45:05.837838+00,Desipramine
DDInter505,2026-04-17 13:45:05.837838+00,Desirudin
DDInter506,2026-04-17 13:45:05.837838+00,Desloratadine
DDInter507,2026-04-17 13:45:05.837838+00,Desmopressin
DDInter508,2026-04-17 13:45:05.837838+00,Desogestrel
DDInter509,2026-04-17 13:45:05.837838+00,Desonide (topical)
DDInter51,2026-04-17 13:45:05.837838+00,Alogliptin
DDInter510,2026-04-17 13:45:05.837838+00,Desoximetasone (topical)
DDInter511,2026-04-17 13:45:05.837838+00,Desvenlafaxine
DDInter512,2026-04-17 13:45:05.837838+00,Deutetrabenazine
DDInter513,2026-04-17 13:45:05.837838+00,Dexamethasone
DDInter514,2026-04-17 13:45:05.837838+00,Dexamethasone (nasal)
DDInter515,2026-04-17 13:45:05.837838+00,Dexamethasone (ophthalmic)
DDInter516,2026-04-17 13:45:05.837838+00,Dexamethasone (topical)
DDInter517,2026-04-17 13:45:05.837838+00,Dexbrompheniramine
DDInter518,2026-04-17 13:45:05.837838+00,Dexfenfluramine
DDInter519,2026-04-17 13:45:05.837838+00,Dexlansoprazole
DDInter52,2026-04-17 13:45:05.837838+00,Alosetron
DDInter520,2026-04-17 13:45:05.837838+00,Dexmedetomidine
DDInter521,2026-04-17 13:45:05.837838+00,Dexmethylphenidate
DDInter522,2026-04-17 13:45:05.837838+00,Dexrazoxane
DDInter526,2026-04-17 13:45:05.837838+00,Dextroamphetamine
DDInter527,2026-04-17 13:45:05.837838+00,Dextromethorphan
DDInter528,2026-04-17 13:45:05.837838+00,Dextropropoxyphene
DDInter529,2026-04-17 13:45:05.837838+00,"Dextrose, unspecified form"
DDInter53,2026-04-17 13:45:05.837838+00,Alpelisib
DDInter531,2026-04-17 13:45:05.837838+00,Dezocine
DDInter532,2026-04-17 13:45:05.837838+00,Diamorphine
DDInter533,2026-04-17 13:45:05.837838+00,Diatrizoate
DDInter534,2026-04-17 13:45:05.837838+00,Diazepam
DDInter535,2026-04-17 13:45:05.837838+00,Diazoxide
DDInter536,2026-04-17 13:45:05.837838+00,Dichloralphenazone
DDInter537,2026-04-17 13:45:05.837838+00,Diclofenac
DDInter538,2026-04-17 13:45:05.837838+00,Diclofenac (ophthalmic)
DDInter539,2026-04-17 13:45:05.837838+00,Diclofenac (topical)
DDInter54,2026-04-17 13:45:05.837838+00,Alprazolam
DDInter540,2026-04-17 13:45:05.837838+00,Diclofenamide
DDInter541,2026-04-17 13:45:05.837838+00,Dicloxacillin
DDInter542,2026-04-17 13:45:05.837838+00,Dicoumarol
DDInter543,2026-04-17 13:45:05.837838+00,Dicyclomine
DDInter544,2026-04-17 13:45:05.837838+00,Didanosine
DDInter545,2026-04-17 13:45:05.837838+00,Dienestrol (topical)
DDInter546,2026-04-17 13:45:05.837838+00,Dienogest
DDInter547,2026-04-17 13:45:05.837838+00,Diethylpropion
DDInter548,2026-04-17 13:45:05.837838+00,Diethylstilbestrol
DDInter55,2026-04-17 13:45:05.837838+00,Alprostadil
DDInter550,2026-04-17 13:45:05.837838+00,Diflorasone (topical)
DDInter551,2026-04-17 13:45:05.837838+00,Diflunisal
DDInter553,2026-04-17 13:45:05.837838+00,Digitoxin
DDInter554,2026-04-17 13:45:05.837838+00,Digoxin
DDInter555,2026-04-17 13:45:05.837838+00,Digoxin Immune Fab (Ovine)
DDInter556,2026-04-17 13:45:05.837838+00,Dihydrocodeine
DDInter557,2026-04-17 13:45:05.837838+00,Dihydroergotamine
DDInter558,2026-04-17 13:45:05.837838+00,Dihydrotachysterol
DDInter559,2026-04-17 13:45:05.837838+00,Diiodohydroxyquinoline
DDInter56,2026-04-17 13:45:05.837838+00,Alteplase
DDInter561,2026-04-17 13:45:05.837838+00,Diltiazem
DDInter562,2026-04-17 13:45:05.837838+00,Dimenhydrinate
DDInter563,2026-04-17 13:45:05.837838+00,Dimercaprol
DDInter564,2026-04-17 13:45:05.837838+00,Dimethyl fumarate
DDInter568,2026-04-17 13:45:05.837838+00,Dinutuximab
DDInter569,2026-04-17 13:45:05.837838+00,Diphenhydramine
DDInter57,2026-04-17 13:45:05.837838+00,Altretamine
DDInter571,2026-04-17 13:45:05.837838+00,Diphenoxylate
DDInter572,2026-04-17 13:45:05.837838+00,Dipivefrin (ophthalmic)
DDInter573,2026-04-17 13:45:05.837838+00,Dipyridamole
DDInter574,2026-04-17 13:45:05.837838+00,Diroximel fumarate
DDInter575,2026-04-17 13:45:05.837838+00,Disopyramide
DDInter576,2026-04-17 13:45:05.837838+00,Disulfiram
DDInter577,2026-04-17 13:45:05.837838+00,Dobutamine
DDInter578,2026-04-17 13:45:05.837838+00,Docetaxel
DDInter58,2026-04-17 13:45:05.837838+00,Aluminum hydroxide
DDInter580,2026-04-17 13:45:05.837838+00,Dofetilide
DDInter581,2026-04-17 13:45:05.837838+00,Dolasetron
DDInter582,2026-04-17 13:45:05.837838+00,Dolutegravir
DDInter583,2026-04-17 13:45:05.837838+00,Donepezil
DDInter584,2026-04-17 13:45:05.837838+00,Dopamine
DDInter585,2026-04-17 13:45:05.837838+00,Doravirine
DDInter59,2026-04-17 14:14:20.597064+00,Alvimopan
DDInter590,2026-04-17 13:45:05.837838+00,Doxacurium
DDInter591,2026-04-17 13:45:05.837838+00,Doxapram
DDInter592,2026-04-17 13:45:05.837838+00,Doxazosin
DDInter593,2026-04-17 13:45:05.837838+00,Doxepin
DDInter594,2026-04-17 13:45:05.837838+00,Doxepin (topical)
DDInter595,2026-04-17 13:45:05.837838+00,Doxercalciferol
DDInter596,2026-04-17 13:45:05.837838+00,Doxorubicin
DDInter597,2026-04-17 13:45:05.837838+00,Doxorubicin (liposomal)
DDInter598,2026-04-17 13:45:05.837838+00,Doxycycline
DDInter6,2026-04-17 13:45:05.837838+00,Abciximab
DDInter60,2026-04-17 13:45:05.837838+00,Amantadine
DDInter600,2026-04-17 13:45:05.837838+00,Doxylamine
DDInter601,2026-04-17 13:45:05.837838+00,Dronabinol
DDInter602,2026-04-17 13:45:05.837838+00,Dronedarone
DDInter603,2026-04-17 13:45:05.837838+00,Droperidol
DDInter604,2026-04-17 13:45:05.837838+00,Drospirenone
DDInter605,2026-04-17 13:45:05.837838+00,Drotrecogin alfa
DDInter606,2026-04-17 13:45:05.837838+00,Droxidopa
DDInter607,2026-04-17 13:45:05.837838+00,Dulaglutide
DDInter608,2026-04-17 13:45:05.837838+00,Duloxetine
DDInter61,2026-04-17 13:45:05.837838+00,Ambenonium
DDInter610,2026-04-17 13:45:05.837838+00,Durvalumab
DDInter611,2026-04-17 13:45:05.837838+00,Dutasteride
DDInter612,2026-04-17 13:45:05.837838+00,Duvelisib
DDInter614,2026-04-17 13:45:05.837838+00,Echinacea
DDInter615,2026-04-17 13:45:05.837838+00,Echothiophate (ophthalmic)
DDInter616,2026-04-17 13:45:05.837838+00,Econazole
DDInter619,2026-04-17 13:45:05.837838+00,Edetate calcium disodium anhydrous
DDInter62,2026-04-17 13:45:05.837838+00,Ambrisentan
DDInter620,2026-04-17 13:45:05.837838+00,Edetate disodium anhydrous
DDInter621,2026-04-17 13:45:05.837838+00,Edoxaban
DDInter622,2026-04-17 13:45:05.837838+00,Edrophonium
DDInter623,2026-04-17 13:45:05.837838+00,Efalizumab
DDInter624,2026-04-17 13:45:05.837838+00,Efavirenz
DDInter625,2026-04-17 13:45:05.837838+00,Elagolix
DDInter627,2026-04-17 13:45:05.837838+00,Eletriptan
DDInter629,2026-04-17 13:45:05.837838+00,Eliglustat
DDInter63,2026-04-17 13:45:05.837838+00,Amcinonide
DDInter630,2026-04-17 13:45:05.837838+00,Elotuzumab
DDInter631,2026-04-17 13:45:05.837838+00,Eltrombopag
DDInter632,2026-04-17 13:45:05.837838+00,Eluxadoline
DDInter633,2026-04-17 13:45:05.837838+00,Elvitegravir
DDInter636,2026-04-17 13:45:05.837838+00,Empagliflozin
DDInter637,2026-04-17 13:45:05.837838+00,Emtricitabine
DDInter638,2026-04-17 13:45:05.837838+00,Enalapril
DDInter64,2026-04-17 13:45:05.837838+00,Amifampridine
DDInter640,2026-04-17 13:45:05.837838+00,Encorafenib
DDInter642,2026-04-17 13:45:05.837838+00,Enfortumab vedotin
DDInter643,2026-04-17 13:45:05.837838+00,Enfuvirtide
DDInter644,2026-04-17 13:45:05.837838+00,Enoxacin
DDInter645,2026-04-17 13:45:05.837838+00,Enoxaparin
DDInter646,2026-04-17 13:45:05.837838+00,Entacapone
DDInter647,2026-04-17 13:45:05.837838+00,Entecavir
DDInter648,2026-04-17 13:45:05.837838+00,Entrectinib
DDInter649,2026-04-17 13:45:05.837838+00,Enzalutamide
DDInter65,2026-04-17 13:45:05.837838+00,Amifostine
DDInter650,2026-04-17 13:45:05.837838+00,Ephedrine
DDInter651,2026-04-17 13:45:05.837838+00,Ephedrine (nasal)
DDInter652,2026-04-17 13:45:05.837838+00,Epinephrine
DDInter653,2026-04-17 13:45:05.837838+00,Epinephrine (ophthalmic)
DDInter654,2026-04-17 13:45:05.837838+00,Epinephrine (topical)
DDInter655,2026-04-17 13:45:05.837838+00,Epirubicin
DDInter656,2026-04-17 13:45:05.837838+00,Eplerenone
DDInter657,2026-04-17 13:45:05.837838+00,Epoprostenol
DDInter658,2026-04-17 13:45:05.837838+00,Eprosartan
DDInter659,2026-04-17 13:45:05.837838+00,Eptifibatide
DDInter66,2026-04-17 13:45:05.837838+00,Amikacin
DDInter660,2026-04-17 13:45:05.837838+00,Eravacycline
DDInter661,2026-04-17 13:45:05.837838+00,Erdafitinib
DDInter662,2026-04-17 13:45:05.837838+00,Ergocalciferol
DDInter663,2026-04-17 13:45:05.837838+00,Ergoloid mesylate
DDInter664,2026-04-17 13:45:05.837838+00,Ergometrine
DDInter665,2026-04-17 13:45:05.837838+00,Ergotamine
DDInter666,2026-04-17 13:45:05.837838+00,Eribulin
DDInter667,2026-04-17 13:45:05.837838+00,Erlotinib
DDInter668,2026-04-17 13:45:05.837838+00,Ertapenem
DDInter669,2026-04-17 13:45:05.837838+00,Ertugliflozin
DDInter67,2026-04-17 13:45:05.837838+00,Amikacin (liposome)
DDInter670,2026-04-17 13:45:05.837838+00,Erythromycin
DDInter672,2026-04-17 13:45:05.837838+00,Escitalopram
DDInter673,2026-04-17 13:45:05.837838+00,Esketamine
DDInter674,2026-04-17 13:45:05.837838+00,Eslicarbazepine
DDInter675,2026-04-17 13:45:05.837838+00,Esmolol
DDInter676,2026-04-17 13:45:05.837838+00,Esomeprazole
DDInter677,2026-04-17 13:45:05.837838+00,Estazolam
DDInter678,2026-04-17 13:45:05.837838+00,Esterified estrogens
DDInter679,2026-04-17 13:45:05.837838+00,Estradiol
DDInter68,2026-04-17 13:45:05.837838+00,Amiloride
DDInter680,2026-04-17 13:45:05.837838+00,Estradiol (topical)
DDInter681,2026-04-17 13:45:05.837838+00,Estramustine
DDInter682,2026-04-17 13:45:05.837838+00,Estrone
DDInter683,2026-04-17 13:45:05.837838+00,Estrone sulfate
DDInter684,2026-04-17 13:45:05.837838+00,Estrone sulfate (topical)
DDInter685,2026-04-17 13:45:05.837838+00,Eszopiclone
DDInter686,2026-04-17 13:45:05.837838+00,Etacrynic acid
DDInter687,2026-04-17 13:45:05.837838+00,Etanercept
DDInter688,2026-04-17 13:45:05.837838+00,Etelcalcetide
DDInter689,2026-04-17 13:45:05.837838+00,Ethambutol
DDInter690,2026-04-17 13:45:05.837838+00,Ethanol
DDInter691,2026-04-17 13:45:05.837838+00,Ethchlorvynol
DDInter692,2026-04-17 13:45:05.837838+00,Ethinylestradiol
DDInter693,2026-04-17 13:45:05.837838+00,Ethiodized oil
DDInter694,2026-04-17 13:45:05.837838+00,Ethionamide
DDInter695,2026-04-17 13:45:05.837838+00,Ethosuximide
DDInter696,2026-04-17 13:45:05.837838+00,Ethotoin
DDInter698,2026-04-17 13:45:05.837838+00,Etidronic acid
DDInter699,2026-04-17 13:45:05.837838+00,Etodolac
DDInter7,2026-04-17 13:45:05.837838+00,Abemaciclib
DDInter70,2026-04-17 13:45:05.837838+00,Aminocaproic acid
DDInter700,2026-04-17 13:45:05.837838+00,Etomidate
DDInter701,2026-04-17 13:45:05.837838+00,Etonogestrel
DDInter702,2026-04-17 13:45:05.837838+00,Etoposide
DDInter703,2026-04-17 13:45:05.837838+00,Etravirine
DDInter704,2026-04-17 13:45:05.837838+00,Everolimus
DDInter705,2026-04-17 13:45:05.837838+00,Exemestane
DDInter706,2026-04-17 13:45:05.837838+00,Exenatide
DDInter707,2026-04-17 13:45:05.837838+00,Ezetimibe
DDInter708,2026-04-17 13:45:05.837838+00,Ezogabine
DDInter71,2026-04-17 13:45:05.837838+00,Aminoglutethimide
DDInter711,2026-04-17 13:45:05.837838+00,Famciclovir
DDInter712,2026-04-17 13:45:05.837838+00,Famotidine
DDInter714,2026-04-17 13:45:05.837838+00,Fedratinib
DDInter715,2026-04-17 13:45:05.837838+00,Felbamate
DDInter716,2026-04-17 13:45:05.837838+00,Felodipine
DDInter717,2026-04-17 13:45:05.837838+00,Fenfluramine
DDInter718,2026-04-17 13:45:05.837838+00,Fenofibrate
DDInter719,2026-04-17 13:45:05.837838+00,Fenofibric acid
DDInter72,2026-04-17 13:45:05.837838+00,Aminolevulinic acid
DDInter720,2026-04-17 13:45:05.837838+00,Fenoldopam
DDInter721,2026-04-17 13:45:05.837838+00,Fenoprofen
DDInter722,2026-04-17 13:45:05.837838+00,Fentanyl
DDInter723,2026-04-17 13:45:05.837838+00,Ferric carboxymaltose
DDInter724,2026-04-17 13:45:05.837838+00,Ferric derisomaltose
DDInter725,2026-04-17 13:45:05.837838+00,Ferrous fumarate
DDInter726,2026-04-17 13:45:05.837838+00,Ferrous gluconate
DDInter727,2026-04-17 13:45:05.837838+00,Ferrous sulfate anhydrous
DDInter728,2026-04-17 13:45:05.837838+00,Ferumoxides
DDInter729,2026-04-17 13:45:05.837838+00,Ferumoxsil
DDInter73,2026-04-17 13:45:05.837838+00,Aminolevulinic acid (topical)
DDInter730,2026-04-17 13:45:05.837838+00,Ferumoxytol
DDInter731,2026-04-17 13:45:05.837838+00,Fesoterodine
DDInter732,2026-04-17 13:45:05.837838+00,Fexofenadine
DDInter735,2026-04-17 13:45:05.837838+00,Filgrastim
DDInter736,2026-04-17 13:45:05.837838+00,Finasteride
DDInter737,2026-04-17 13:45:05.837838+00,Fingolimod
DDInter738,2026-04-17 13:45:05.837838+00,Flavoxate
DDInter74,2026-04-17 13:45:05.837838+00,Aminophylline
DDInter740,2026-04-17 13:45:05.837838+00,Flecainide
DDInter741,2026-04-17 13:45:05.837838+00,Flibanserin
DDInter742,2026-04-17 13:45:05.837838+00,Floxuridine
DDInter743,2026-04-17 13:45:05.837838+00,Fluconazole
DDInter744,2026-04-17 13:45:05.837838+00,Flucytosine
DDInter745,2026-04-17 13:45:05.837838+00,Fludarabine
DDInter746,2026-04-17 13:45:05.837838+00,Fludeoxyglucose (18F)
DDInter747,2026-04-17 13:45:05.837838+00,Fludrocortisone
DDInter748,2026-04-17 13:45:05.837838+00,Flumazenil
DDInter749,2026-04-17 13:45:05.837838+00,Flunisolide
DDInter75,2026-04-17 13:45:05.837838+00,Aminosalicylic acid
DDInter750,2026-04-17 13:45:05.837838+00,Flunisolide (nasal)
DDInter752,2026-04-17 13:45:05.837838+00,Fluocinonide
DDInter753,2026-04-17 13:45:05.837838+00,Fluocinonide (topical)
DDInter756,2026-04-17 13:45:05.837838+00,Fluorometholone (ophthalmic)
DDInter757,2026-04-17 13:45:05.837838+00,Fluorouracil
DDInter758,2026-04-17 13:45:05.837838+00,Fluoxetine
DDInter759,2026-04-17 13:45:05.837838+00,Fluoxymesterone
DDInter76,2026-04-17 13:45:05.837838+00,Amiodarone
DDInter760,2026-04-17 13:45:05.837838+00,Fluphenazine
DDInter761,2026-04-17 13:45:05.837838+00,Flurandrenolide (topical)
DDInter762,2026-04-17 13:45:05.837838+00,Flurazepam
DDInter763,2026-04-17 13:45:05.837838+00,Flurbiprofen
DDInter764,2026-04-17 13:45:05.837838+00,Flurbiprofen (ophthalmic)
DDInter765,2026-04-17 13:45:05.837838+00,Flutamide
DDInter766,2026-04-17 13:45:05.837838+00,Fluticasone
DDInter767,2026-04-17 13:45:05.837838+00,Fluticasone (nasal)
DDInter768,2026-04-17 13:45:05.837838+00,Fluticasone (topical)
DDInter769,2026-04-17 13:45:05.837838+00,Fluvastatin
DDInter77,2026-04-17 13:45:05.837838+00,Amisulpride
DDInter770,2026-04-17 13:45:05.837838+00,Fluvoxamine
DDInter771,2026-04-17 13:45:05.837838+00,Folic acid
DDInter773,2026-04-17 13:45:05.837838+00,Fomepizole
DDInter775,2026-04-17 13:45:05.837838+00,Fondaparinux
DDInter776,2026-04-17 13:45:05.837838+00,Formoterol
DDInter777,2026-04-17 13:45:05.837838+00,Fosamprenavir
DDInter778,2026-04-17 13:45:05.837838+00,Fosaprepitant
DDInter779,2026-04-17 13:45:05.837838+00,Foscarnet
DDInter78,2026-04-17 13:45:05.837838+00,Amitriptyline
DDInter781,2026-04-17 13:45:05.837838+00,Fosinopril
DDInter782,2026-04-17 13:45:05.837838+00,Fosnetupitant
DDInter783,2026-04-17 13:45:05.837838+00,Fosphenytoin
DDInter785,2026-04-17 13:45:05.837838+00,Fostamatinib
DDInter786,2026-04-17 13:45:05.837838+00,Fostemsavir
DDInter787,2026-04-17 13:45:05.837838+00,Frangula purshiana bark
DDInter788,2026-04-17 13:45:05.837838+00,Frovatriptan
DDInter789,2026-04-17 13:45:05.837838+00,Fulvestrant
DDInter79,2026-04-17 13:45:05.837838+00,Amlodipine
DDInter790,2026-04-17 13:45:05.837838+00,Furosemide
DDInter791,2026-04-17 13:45:05.837838+00,Gabapentin
DDInter792,2026-04-17 13:45:05.837838+00,Gadobenic acid
DDInter793,2026-04-17 13:45:05.837838+00,Gadobutrol
DDInter794,2026-04-17 13:45:05.837838+00,Gadodiamide
DDInter795,2026-04-17 13:45:05.837838+00,Gadofosveset trisodium
DDInter796,2026-04-17 13:45:05.837838+00,Gadopentetic acid
DDInter797,2026-04-17 13:45:05.837838+00,Gadoteric acid
DDInter798,2026-04-17 13:45:05.837838+00,Gadoteridol
DDInter799,2026-04-17 13:45:05.837838+00,Gadoversetamide
DDInter8,2026-04-17 13:45:05.837838+00,Abiraterone
DDInter800,2026-04-17 13:45:05.837838+00,Gadoxetic acid
DDInter801,2026-04-17 13:45:05.837838+00,Galactose
DDInter802,2026-04-17 13:45:05.837838+00,Galantamine
DDInter803,2026-04-17 13:45:05.837838+00,Gallium chloride Ga-67
DDInter804,2026-04-17 13:45:05.837838+00,Gallium nitrate
DDInter805,2026-04-17 13:45:05.837838+00,gamma-Aminobutyric acid
DDInter806,2026-04-17 13:45:05.837838+00,Ganciclovir
DDInter807,2026-04-17 13:45:05.837838+00,Ganirelix
DDInter808,2026-04-17 13:45:05.837838+00,Garlic
DDInter809,2026-04-17 13:45:05.837838+00,Gatifloxacin
DDInter81,2026-04-17 13:45:05.837838+00,Amobarbital
DDInter810,2026-04-17 13:45:05.837838+00,Gefitinib
DDInter811,2026-04-17 13:45:05.837838+00,Gemcitabine
DDInter812,2026-04-17 13:45:05.837838+00,Gemfibrozil
DDInter813,2026-04-17 13:45:05.837838+00,Gemifloxacin
DDInter814,2026-04-17 13:45:05.837838+00,Gemtuzumab ozogamicin
DDInter815,2026-04-17 13:45:05.837838+00,Gentamicin
DDInter817,2026-04-17 13:45:05.837838+00,Gilteritinib
DDInter819,2026-04-17 13:45:05.837838+00,Ginkgo biloba
DDInter82,2026-04-17 13:45:05.837838+00,Amoxapine
DDInter820,2026-04-17 13:45:05.837838+00,Ginseng
DDInter821,2026-04-17 13:45:05.837838+00,Givosiran
DDInter822,2026-04-17 13:45:05.837838+00,Glasdegib
DDInter824,2026-04-17 13:45:05.837838+00,Glecaprevir
DDInter825,2026-04-17 13:45:05.837838+00,Glimepiride
DDInter826,2026-04-17 13:45:05.837838+00,Glipizide
DDInter828,2026-04-17 13:45:05.837838+00,Glucarpidase
DDInter83,2026-04-17 13:45:05.837838+00,Amoxicillin
DDInter831,2026-04-17 13:45:05.837838+00,Glyburide
DDInter832,2026-04-17 13:45:05.837838+00,Glycerin
DDInter833,2026-04-17 13:45:05.837838+00,Glycerol phenylbutyrate
DDInter834,2026-04-17 13:45:05.837838+00,Glycopyrronium
DDInter835,2026-04-17 13:45:05.837838+00,Glycopyrronium (topical)
DDInter837,2026-04-17 13:45:05.837838+00,Golimumab
DDInter838,2026-04-17 13:45:05.837838+00,Gonadorelin
DDInter839,2026-04-17 13:45:05.837838+00,Goserelin
DDInter84,2026-04-17 13:45:05.837838+00,Amphetamine
DDInter840,2026-04-17 13:45:05.837838+00,Granisetron
DDInter841,2026-04-17 13:45:05.837838+00,Grazoprevir
DDInter842,2026-04-17 13:45:05.837838+00,Grepafloxacin
DDInter843,2026-04-17 13:45:05.837838+00,Griseofulvin
DDInter844,2026-04-17 13:45:05.837838+00,Guanabenz
DDInter845,2026-04-17 13:45:05.837838+00,Guanadrel
DDInter846,2026-04-17 13:45:05.837838+00,Guanethidine
DDInter847,2026-04-17 13:45:05.837838+00,Guanfacine
DDInter848,2026-04-17 13:45:05.837838+00,Guanidine
DDInter85,2026-04-17 13:45:05.837838+00,Amphotericin B
DDInter850,2026-04-17 13:45:05.837838+00,Halazepam
DDInter851,2026-04-17 13:45:05.837838+00,Halcinonide (topical)
DDInter852,2026-04-17 13:45:05.837838+00,Halofantrine
DDInter853,2026-04-17 13:45:05.837838+00,Haloperidol
DDInter854,2026-04-17 13:45:05.837838+00,Halothane
DDInter855,2026-04-17 13:45:05.837838+00,Hemin
DDInter856,2026-04-17 13:45:05.837838+00,Heparin
DDInter858,2026-04-17 13:45:05.837838+00,Hepatitis A Vaccine
DDInter86,2026-04-17 13:45:05.837838+00,Amphotericin B (cholesteryl sulfate)
DDInter860,2026-04-17 13:45:05.837838+00,Hepatitis B Vaccine (Recombinant)
DDInter862,2026-04-17 13:45:05.837838+00,Hexaminolevulinate
DDInter863,2026-04-17 13:45:05.837838+00,Histamine
DDInter864,2026-04-17 13:45:05.837838+00,Histrelin
DDInter865,2026-04-17 13:45:05.837838+00,Homatropine
DDInter866,2026-04-17 13:45:05.837838+00,Homatropine (ophthalmic)
DDInter867,2026-04-17 13:45:05.837838+00,Human adenovirus e serotype 4 strain cl-68578 antigen
DDInter868,2026-04-17 13:45:05.837838+00,Human botulinum neurotoxin A/B immune globulin
DDInter87,2026-04-17 13:45:05.837838+00,Amphotericin B (lipid complex)
DDInter870,2026-04-17 13:45:05.837838+00,Human cytomegalovirus immune globulin
DDInter872,2026-04-17 13:45:05.837838+00,Human immunoglobulin G (intravenous and subcutaneous)
DDInter873,2026-04-17 13:45:05.837838+00,Human immunoglobulin G (intravenous)
DDInter875,2026-04-17 13:45:05.837838+00,Human papillomavirus type 11 L1 capsid protein antigen
DDInter877,2026-04-17 13:45:05.837838+00,Human Rho(D) immune globulin
DDInter88,2026-04-17 13:45:05.837838+00,Amphotericin B (liposomal)
DDInter881,2026-04-17 13:45:05.837838+00,Hyaluronidase
DDInter882,2026-04-17 13:45:05.837838+00,Hydralazine
DDInter883,2026-04-17 13:45:05.837838+00,Hydrochlorothiazide
DDInter884,2026-04-17 13:45:05.837838+00,Hydrocodone
DDInter885,2026-04-17 13:45:05.837838+00,Hydrocortisone
DDInter886,2026-04-17 13:45:05.837838+00,Hydrocortisone (ophthalmic)
DDInter887,2026-04-17 13:45:05.837838+00,Hydrocortisone (topical)
DDInter889,2026-04-17 13:45:05.837838+00,Hydroflumethiazide
DDInter89,2026-04-17 13:45:05.837838+00,Ampicillin
DDInter890,2026-04-17 13:45:05.837838+00,Hydromorphone
DDInter891,2026-04-17 13:45:05.837838+00,Hydroxocobalamin
DDInter893,2026-04-17 13:45:05.837838+00,Hydroxychloroquine
DDInter894,2026-04-17 13:45:05.837838+00,Hydroxyurea
DDInter895,2026-04-17 13:45:05.837838+00,Hydroxyzine
DDInter896,2026-04-17 13:45:05.837838+00,Hyoscyamine
DDInter897,2026-04-17 13:45:05.837838+00,Ibandronate
DDInter898,2026-04-17 13:45:05.837838+00,Ibritumomab tiuxetan
DDInter899,2026-04-17 13:45:05.837838+00,Ibrutinib
DDInter9,2026-04-17 13:45:05.837838+00,Acalabrutinib
DDInter90,2026-04-17 13:45:05.837838+00,Amprenavir
DDInter900,2026-04-17 13:45:05.837838+00,Ibuprofen
DDInter901,2026-04-17 13:45:05.837838+00,Ibutilide
DDInter904,2026-04-17 13:45:05.837838+00,Idarubicin
DDInter905,2026-04-17 13:45:05.837838+00,Idelalisib
DDInter906,2026-04-17 13:45:05.837838+00,Ifosfamide
DDInter907,2026-04-17 13:45:05.837838+00,Iloperidone
DDInter908,2026-04-17 13:45:05.837838+00,Iloprost
DDInter909,2026-04-17 13:45:05.837838+00,Imatinib
DDInter91,2026-04-17 13:45:05.837838+00,Amrinone
DDInter911,2026-04-17 13:45:05.837838+00,Imipenem
DDInter912,2026-04-17 13:45:05.837838+00,Imipramine
DDInter913,2026-04-17 13:45:05.837838+00,Imiquimod
DDInter915,2026-04-17 13:45:05.837838+00,Indacaterol
DDInter916,2026-04-17 13:45:05.837838+00,Indapamide
DDInter917,2026-04-17 13:45:05.837838+00,Indinavir
DDInter918,2026-04-17 13:45:05.837838+00,Indium In-111 oxyquinoline
DDInter919,2026-04-17 13:45:05.837838+00,Indium In-111 pentetate
DDInter92,2026-04-17 13:45:05.837838+00,Amyl Nitrite
DDInter920,2026-04-17 13:45:05.837838+00,Indium In-111 pentetreotide
DDInter921,2026-04-17 13:45:05.837838+00,Indomethacin
DDInter923,2026-04-17 13:45:05.837838+00,Infliximab
DDInter924,2026-04-17 13:45:05.837838+00,Influenza A virus A/California/7/2009 (H1N1)-like antigen (propiolactone inactivated)
DDInter925,2026-04-17 13:45:05.837838+00,Influenza A virus A/Vietnam/1194/2004 (H5N1) antigen (formaldehyde inactivated)
DDInter926,2026-04-17 13:45:05.837838+00,Inotersen
DDInter927,2026-04-17 13:45:05.837838+00,Inotuzumab ozogamicin
DDInter928,2026-04-17 13:45:05.837838+00,Insulin aspart (aspart protamine)
DDInter929,2026-04-17 13:45:05.837838+00,Insulin aspart (aspart)
DDInter93,2026-04-17 13:45:05.837838+00,Anagrelide
DDInter930,2026-04-17 13:45:05.837838+00,Insulin degludec
DDInter931,2026-04-17 13:45:05.837838+00,Insulin detemir
DDInter932,2026-04-17 13:45:05.837838+00,Insulin glargine
DDInter933,2026-04-17 13:45:05.837838+00,Insulin glulisine
DDInter934,2026-04-17 13:45:05.837838+00,Insulin human
DDInter935,2026-04-17 13:45:05.837838+00,"Insulin human (inhalation, rapid acting)"
DDInter936,2026-04-17 13:45:05.837838+00,Insulin human (isophane)
DDInter937,2026-04-17 13:45:05.837838+00,Insulin human (regular)
DDInter938,2026-04-17 13:45:05.837838+00,Insulin human (zinc extended)
DDInter939,2026-04-17 13:45:05.837838+00,Insulin human (zinc)
DDInter94,2026-04-17 13:45:05.837838+00,Anakinra
DDInter940,2026-04-17 13:45:05.837838+00,Insulin lispro
DDInter941,2026-04-17 13:45:05.837838+00,Insulin lispro (protamine)
DDInter942,2026-04-17 13:45:05.837838+00,"Interferon alfa-2a, Recombinant"
DDInter943,2026-04-17 13:45:05.837838+00,Interferon alfa-2b
DDInter944,2026-04-17 13:45:05.837838+00,Interferon alfa-n1
DDInter945,2026-04-17 13:45:05.837838+00,Interferon alfa-n3
DDInter946,2026-04-17 13:45:05.837838+00,Interferon alfacon-1
DDInter947,2026-04-17 13:45:05.837838+00,Interferon beta-1a
DDInter948,2026-04-17 13:45:05.837838+00,Interferon beta-1b
DDInter949,2026-04-17 13:45:05.837838+00,Interferon gamma-1b
DDInter95,2026-04-17 13:45:05.837838+00,Anastrozole
DDInter950,2026-04-17 13:45:05.837838+00,Inulin
DDInter951,2026-04-17 13:45:05.837838+00,Iobenguane (I-123)
DDInter952,2026-04-17 13:45:05.837838+00,Iobenguane (I-131)
DDInter953,2026-04-17 13:45:05.837838+00,Iodide I-123
DDInter954,2026-04-17 13:45:05.837838+00,Iodide I-131
DDInter955,2026-04-17 13:45:05.837838+00,Iodine
DDInter956,2026-04-17 13:45:05.837838+00,Iodine (topical)
DDInter957,2026-04-17 13:45:05.837838+00,Iodipamide
DDInter958,2026-04-17 13:45:05.837838+00,Iodixanol
DDInter959,2026-04-17 13:45:05.837838+00,Ioflupane I-123
DDInter960,2026-04-17 13:45:05.837838+00,Iohexol
DDInter961,2026-04-17 13:45:05.837838+00,Iopamidol
DDInter962,2026-04-17 13:45:05.837838+00,Iopanoic acid
DDInter963,2026-04-17 13:45:05.837838+00,Iopodic acid
DDInter964,2026-04-17 13:45:05.837838+00,Iopromide
DDInter965,2026-04-17 13:45:05.837838+00,Iothalamic acid
DDInter966,2026-04-17 13:45:05.837838+00,Ioversol
DDInter967,2026-04-17 13:45:05.837838+00,Ioxilan
DDInter968,2026-04-17 13:45:05.837838+00,Ipecac
DDInter969,2026-04-17 13:45:05.837838+00,Ipilimumab
DDInter970,2026-04-17 13:45:05.837838+00,Ipratropium
DDInter971,2026-04-17 13:45:05.837838+00,Ipratropium (nasal)
DDInter972,2026-04-17 13:45:05.837838+00,Irbesartan
DDInter973,2026-04-17 13:45:05.837838+00,Irinotecan
DDInter974,2026-04-17 13:45:05.837838+00,Irinotecan (liposomal)
DDInter975,2026-04-17 13:45:05.837838+00,Iron
DDInter976,2026-04-17 13:45:05.837838+00,Iron Dextran
DDInter977,2026-04-17 13:45:05.837838+00,Iron protein succinylate
DDInter978,2026-04-17 13:45:05.837838+00,Iron sucrose
DDInter979,2026-04-17 13:45:05.837838+00,Isatuximab
DDInter98,2026-04-17 13:45:05.837838+00,Anisindione
DDInter980,2026-04-17 13:45:05.837838+00,Isavuconazonium
DDInter981,2026-04-17 13:45:05.837838+00,Isocarboxazid
DDInter982,2026-04-17 13:45:05.837838+00,Isoetharine
DDInter983,2026-04-17 13:45:05.837838+00,Isoflurane
DDInter984,2026-04-17 13:45:05.837838+00,Isoflurophate (ophthalmic)
DDInter985,2026-04-17 13:45:05.837838+00,Isometheptene
DDInter986,2026-04-17 13:45:05.837838+00,Isoniazid
DDInter987,2026-04-17 13:45:05.837838+00,Isoprenaline
DDInter988,2026-04-17 13:45:05.837838+00,Isosorbide
DDInter989,2026-04-17 13:45:05.837838+00,Isosorbide dinitrate
DDInter99,2026-04-17 13:45:05.837838+00,Anistreplase
DDInter990,2026-04-17 13:45:05.837838+00,Isosorbide mononitrate
DDInter991,2026-04-17 13:45:05.837838+00,Isotretinoin
DDInter992,2026-04-17 13:45:05.837838+00,Isoxsuprine
DDInter993,2026-04-17 13:45:05.837838+00,Isradipine
DDInter994,2026-04-17 13:45:05.837838+00,Istradefylline
DDInter995,2026-04-17 13:45:05.837838+00,Itraconazole
DDInter996,2026-04-17 13:45:05.837838+00,Ivabradine
DDInter997,2026-04-17 13:45:05.837838+00,Ivacaftor
DDInter998,2026-04-17 13:45:05.837838+00,Ivermectin